Filename,Start,PolyHeader,PolySize,Bytes,,,,,PolyHeader,,ENGISTQCC,,," # print(""bit0-1   | Culling      :["" + str(p_flag_bit0_1) + ""] "" + bit_ppar0_1[(p_flag_bit0_1)])"
model_BAS00_002.bin,11480,07 00 00 00,1,40,,,,,07 00 00 00,,00000111,,," # print(""bit2     | Sprite(Quad) :["" + str(p_flag_bit2) + ""] "" + bit_ny[(p_flag_bit2)])"
model_BAS00_012.bin,3208,07 00 00 00,1,40,,,,,08 00 00 00,,00001000,,," # print(""bit3     | Triangles    :["" + str(p_flag_bit3) + ""] "" + bit_ny[(p_flag_bit3)])"
model_BAS00_003.bin,22328,08 00 00 00,1,40,,,,,0c 00 00 00,,00001100,,," # print(""bit4     | Strip        :["" + str(p_flag_bit4) + ""] "" + bit_ny[(p_flag_bit4)])"
model_BAS00_002.bin,37424,0f 00 00 00,1,40,,,,,0e 00 00 00,,00001110,,," # print(""bit5     | Super Index  :["" + str(p_flag_bit5) + ""] "" + bit_ny[(p_flag_bit5)])"
model_BAS00_030.bin,5568,0f 00 00 00,1,40,,,,,0f 00 00 00,,00001111,,," # print(""bit6     | Gouraud      :["" + str(p_flag_bit6) + ""] "" + bit_ppar6[(p_flag_bit6)])"
model_BAS00_003.bin,70560,1e 00 00 00,1,40,,,,,1e 00 00 00,,00011110,,," # print(""bit7     | NOT Send GP  :["" + str(p_flag_bit7) + ""] "" + bit_ppar7[(p_flag_bit7)])"
model_BAS00_002.bin,1224,20 00 00 00,1,40,,,,,1f 00 00 00,,00011111,,," # print(""bit8     | Env.Mapping  :["" + str(p_flag_bit8) + ""] "" + bit_ny[(p_flag_bit8)])"
model_BAS00_011.bin,6272,22 00 00 00,1,40,,,,,20 00 00 00,,00100000,,,
model_BAS00_024.bin,6224,22 00 00 00,1,40,,,,,22 00 00 00,,00100010,,,
model_BAS00_002.bin,41216,23 00 00 00,1,40,,,,,23 00 00 00,,00100011,,,
model_BAS00_003.bin,44800,23 00 00 00,1,40,,,,,24 00 00 00,,00100100,,,
model_BAS00_003.bin,45776,23 00 00 00,1,40,,,,,25 00 00 00,,00100101,,,
model_BAS00_003.bin,46376,23 00 00 00,1,40,,,,,26 00 00 00,,00100110,,,
model_BAS00_010.bin,3184,24 00 00 00,1,40,,,,,29 00 00 00,,00101001,,,
model_BAS00_012.bin,2344,24 00 00 00,1,40,,,,,2a 00 00 00,,00101010,,,
model_BAS00_015.bin,4680,24 00 00 00,1,40,,,,,2d 00 00 00,,00101101,,,
model_BAS00_023.bin,3480,24 00 00 00,1,40,,,,,2e 00 00 00,,00101110,,,
model_BAS00_028.bin,4680,24 00 00 00,1,40,,,,,2f 00 00 00,,00101111,,,
model_BAS00_002.bin,26584,25 00 00 00,1,40,,,,,4a 00 00 00,,01001010,,,
model_BAS00_010.bin,2008,26 00 00 00,1,40,,,,,51 00 00 00,,01010001,,,
model_BAS00_012.bin,1424,26 00 00 00,1,40,,,,,52 00 00 00,,01010010,,,
model_BAS00_015.bin,3760,26 00 00 00,1,40,,,,,53 00 00 00,,01010011,,,
model_BAS00_023.bin,2304,26 00 00 00,1,40,,,,,56 00 00 00,,01010110,,,
model_BAS00_028.bin,3760,26 00 00 00,1,40,,,,,69 00 00 00,,01101001,,,
model_BAS00_011.bin,9304,29 00 00 00,1,40,,,,,6a 00 00 00,,01101010,,,
model_BAS00_024.bin,9256,29 00 00 00,1,40,,,,,71 00 00 00,,01110001,,,
model_BAS00_016.bin,1160,2a 00 00 00,1,40,,,,,72 00 00 00,,01110010,,,
model_BAS00_029.bin,3432,2a 00 00 00,1,40,,,,,73 00 00 00,,01110011,,,
model_BAS00_029.bin,2056,2d 00 00 00,1,40,,,,,d2 00 00 00,,11010010,,,
model_BAS00_016.bin,2032,2e 00 00 00,1,40,,,,,d6 00 00 00,,11010110,,,
model_BAS00_003.bin,55976,f1 00 00 00,3,24,,,,,f1 00 00 00,,11110001,,,
model_BAS00_002.bin,2344,f2 00 00 00,3,24,,,,,f2 00 00 00,,11110010,,,
model_BAS00_002.bin,7000,f2 00 00 00,3,24,,,,,f3 00 00 00,,11110011,,,
model_BAS00_002.bin,10144,f2 00 00 00,3,24,,,,,,,,,,
model_BAS00_002.bin,41056,f2 00 00 00,3,24,,,,,,,,,,
model_BAS00_002.bin,41088,f2 00 00 00,3,24,,,,,,,,,,
model_BAS00_002.bin,41120,f2 00 00 00,3,24,,,,,,,,,,
model_BAS00_003.bin,45616,f2 00 00 00,3,24,,,,,,,,,,
model_BAS00_003.bin,45648,f2 00 00 00,3,24,,,,,,,,,,
model_BAS00_003.bin,45680,f2 00 00 00,3,24,,,,,,,,,,
model_BAS00_004.bin,1336,f2 00 00 00,3,24,,,,,,,,,,
model_BAS00_004.bin,3280,f2 00 00 00,3,24,,,,,,,,,,
model_BAS00_004.bin,3312,f2 00 00 00,3,24,,,,,,,,,,
model_BAS00_004.bin,3344,f2 00 00 00,3,24,,,,,,,,,,
model_BAS00_005.bin,1280,f2 00 00 00,3,24,,,,,,,,,,
model_BAS00_008.bin,4072,f2 00 00 00,3,24,,,,,,,,,,
model_BAS00_009.bin,2960,f2 00 00 00,3,24,,,,,,,,,,
model_BAS00_009.bin,2992,f2 00 00 00,3,24,,,,,,,,,,
model_BAS00_018.bin,1256,f2 00 00 00,3,24,,,,,,,,,,
model_BAS00_021.bin,4072,f2 00 00 00,3,24,,,,,,,,,,
model_BAS00_022.bin,5128,f2 00 00 00,3,24,,,,,,,,,,
model_BAS00_022.bin,5216,f2 00 00 00,3,24,,,,,,,,,,
model_BAS00_023.bin,1096,f2 00 00 00,3,24,,,,,,,,,,
model_BAS00_030.bin,1552,f2 00 00 00,3,24,,,,,,,,,,
model_BAS00_030.bin,5472,f2 00 00 00,3,24,,,,,,,,,,
model_BAS00_003.bin,43112,f1 00 00 00,3,48,,,,,,,,,,
model_BAS00_002.bin,2232,f2 00 00 00,3,48,,,,,,,,,,
model_BAS00_002.bin,2288,f2 00 00 00,3,48,,,,,,,,,,
model_BAS00_002.bin,2376,f2 00 00 00,3,48,,,,,,,,,,
model_BAS00_002.bin,6944,f2 00 00 00,3,48,,,,,,,,,,
model_BAS00_002.bin,8440,f2 00 00 00,3,48,,,,,,,,,,
model_BAS00_002.bin,8496,f2 00 00 00,3,48,,,,,,,,,,
model_BAS00_002.bin,8552,f2 00 00 00,3,48,,,,,,,,,,
model_BAS00_004.bin,3224,f2 00 00 00,3,48,,,,,,,,,,
model_BAS00_005.bin,1224,f2 00 00 00,3,48,,,,,,,,,,
model_BAS00_006.bin,1496,f2 00 00 00,3,48,,,,,,,,,,
model_BAS00_007.bin,1072,f2 00 00 00,3,48,,,,,,,,,,
model_BAS00_009.bin,5224,f2 00 00 00,3,48,,,,,,,,,,
model_BAS00_012.bin,4312,f2 00 00 00,3,48,,,,,,,,,,
model_BAS00_012.bin,4368,f2 00 00 00,3,48,,,,,,,,,,
model_BAS00_012.bin,4424,f2 00 00 00,3,48,,,,,,,,,,
model_BAS00_017.bin,1728,f2 00 00 00,3,48,,,,,,,,,,
model_BAS00_019.bin,1232,f2 00 00 00,3,48,,,,,,,,,,
model_BAS00_020.bin,1072,f2 00 00 00,3,48,,,,,,,,,,
model_BAS00_022.bin,2808,f2 00 00 00,3,48,,,,,,,,,,
model_BAS00_022.bin,5160,f2 00 00 00,3,48,,,,,,,,,,
model_BAS00_023.bin,1960,f2 00 00 00,3,48,,,,,,,,,,
model_BAS00_024.bin,23416,f2 00 00 00,3,48,,,,,,,,,,
model_BAS00_028.bin,3568,f2 00 00 00,3,48,,,,,,,,,,
model_BAS00_030.bin,2688,f2 00 00 00,3,48,,,,,,,,,,
model_BAS00_030.bin,3216,f2 00 00 00,3,48,,,,,,,,,,
model_BAS00_030.bin,4120,f2 00 00 00,3,48,,,,,,,,,,
model_BAS00_037.bin,1440,f2 00 00 00,3,48,,,,,,,,,,
model_BAS00_038.bin,1488,f2 00 00 00,3,48,,,,,,,,,,
model_BAS00_043.bin,1440,f2 00 00 00,3,48,,,,,,,,,,
model_BAS00_044.bin,1488,f2 00 00 00,3,48,,,,,,,,,,
model_BAS00_002.bin,41152,f2 00 00 00,3,56,,,,,,,,,,
model_BAS00_003.bin,45712,f2 00 00 00,3,56,,,,,,,,,,
model_BAS00_010.bin,1944,f2 00 00 00,3,56,,,,,,,,,,
model_BAS00_030.bin,5504,f2 00 00 00,3,56,,,,,,,,,,
model_BAS00_002.bin,10176,f2 00 00 00,3,72,,,,,,,,,,
model_BAS00_003.bin,43168,f1 00 00 00,3,80,,,,,,,,,,
model_BAS00_015.bin,3672,f2 00 00 00,3,80,,,,,,,,,,
model_BAS00_016.bin,1072,f2 00 00 00,3,80,,,,,,,,,,
model_BAS00_003.bin,65824,72 00 00 00,3,96,,,,,,,,,,
model_BAS00_004.bin,1232,f2 00 00 00,3,96,,,,,,,,,,
model_BAS00_004.bin,1368,f2 00 00 00,3,96,,,,,,,,,,
model_BAS00_012.bin,336,f2 00 00 00,3,96,,,,,,,,,,
model_BAS00_024.bin,23208,f2 00 00 00,3,96,,,,,,,,,,
model_BAS00_024.bin,23312,f2 00 00 00,3,96,,,,,,,,,,
model_BAS00_025.bin,336,f2 00 00 00,3,96,,,,,,,,,,
model_BAS00_003.bin,53960,f1 00 00 00,3,104,,,,,,,,,,
model_BAS00_003.bin,56008,f1 00 00 00,3,104,,,,,,,,,,
model_BAS00_002.bin,8608,f2 00 00 00,3,104,,,,,,,,,,
model_BAS00_030.bin,1584,f2 00 00 00,3,104,,,,,,,,,,
model_BAS00_035.bin,1320,f2 00 00 00,3,104,,,,,,,,,,
model_BAS00_037.bin,1328,f2 00 00 00,3,104,,,,,,,,,,
model_BAS00_041.bin,1320,f2 00 00 00,3,104,,,,,,,,,,
model_BAS00_043.bin,1328,f2 00 00 00,3,104,,,,,,,,,,
model_BAS00_003.bin,54568,f1 00 00 00,3,128,,,,,,,,,,
model_BAS00_002.bin,7032,f2 00 00 00,3,128,,,,,,,,,,
model_BAS00_029.bin,2680,f2 00 00 00,3,128,,,,,,,,,,
model_BAS00_030.bin,4176,f2 00 00 00,3,128,,,,,,,,,,
model_BAS00_034.bin,1360,f2 00 00 00,3,160,,,,,,,,,,
model_BAS00_039.bin,1360,f2 00 00 00,3,160,,,,,,,,,,
model_BAS00_040.bin,1360,f2 00 00 00,3,160,,,,,,,,,,
model_BAS00_045.bin,1360,f2 00 00 00,3,160,,,,,,,,,,
model_BAS00_030.bin,104,52 00 00 00,3,176,,,,,,,,,,
model_BAS00_030.bin,3272,72 00 00 00,3,176,,,,,,,,,,
model_BAS00_003.bin,65928,f2 00 00 00,3,176,,,,,,,,,,
model_BAS00_030.bin,2744,f2 00 00 00,3,264,,,,,,,,,,
model_BAS00_031.bin,1232,f2 00 00 00,3,368,,,,,,,,,,
model_BAS00_003.bin,8408,f2 00 00 00,4,32,,,,,,,,,,
model_BAS00_003.bin,4096,72 00 00 00,4,56,,,,,,,,,,
model_BAS00_003.bin,4984,72 00 00 00,4,56,,,,,,,,,,
model_BAS00_003.bin,8552,f2 00 00 00,4,56,,,,,,,,,,
model_BAS00_003.bin,9376,f2 00 00 00,4,56,,,,,,,,,,
model_BAS00_003.bin,12128,f2 00 00 00,4,56,,,,,,,,,,
model_BAS00_003.bin,16192,f2 00 00 00,4,56,,,,,,,,,,
model_BAS00_003.bin,17248,f2 00 00 00,4,56,,,,,,,,,,
model_BAS00_003.bin,18736,f2 00 00 00,4,56,,,,,,,,,,
model_BAS00_003.bin,20872,f2 00 00 00,4,56,,,,,,,,,,
model_BAS00_003.bin,11568,72 00 00 00,4,80,,,,,,,,,,
model_BAS00_003.bin,9824,f2 00 00 00,4,80,,,,,,,,,,
model_BAS00_003.bin,16792,f2 00 00 00,4,80,,,,,,,,,,
model_BAS00_003.bin,12800,f2 00 00 00,4,104,,,,,,,,,,
model_BAS00_003.bin,21456,f2 00 00 00,4,104,,,,,,,,,,
model_BAS00_003.bin,22512,f2 00 00 00,4,104,,,,,,,,,,
model_BAS00_011.bin,784,f2 00 00 00,4,104,,,,,,,,,,
model_BAS00_024.bin,920,f2 00 00 00,4,104,,,,,,,,,,
model_BAS00_003.bin,66112,52 00 00 00,4,128,,,,,,,,,,
model_BAS00_002.bin,41264,56 00 00 00,4,128,,,,,,,,,,
model_BAS00_003.bin,46424,71 00 00 00,4,128,,,,,,,,,,
model_BAS00_003.bin,54704,71 00 00 00,4,128,,,,,,,,,,
model_BAS00_003.bin,56120,71 00 00 00,4,128,,,,,,,,,,
model_BAS00_002.bin,104,72 00 00 00,4,128,,,,,,,,,,
model_BAS00_002.bin,5840,72 00 00 00,4,128,,,,,,,,,,
model_BAS00_002.bin,7168,72 00 00 00,4,128,,,,,,,,,,
model_BAS00_002.bin,8720,72 00 00 00,4,128,,,,,,,,,,
model_BAS00_003.bin,104,72 00 00 00,4,128,,,,,,,,,,
model_BAS00_003.bin,22376,72 00 00 00,4,128,,,,,,,,,,
model_BAS00_003.bin,38504,72 00 00 00,4,128,,,,,,,,,,
model_BAS00_003.bin,43304,72 00 00 00,4,128,,,,,,,,,,
model_BAS00_003.bin,44184,72 00 00 00,4,128,,,,,,,,,,
model_BAS00_003.bin,70608,72 00 00 00,4,128,,,,,,,,,,
model_BAS00_004.bin,104,72 00 00 00,4,128,,,,,,,,,,
model_BAS00_005.bin,104,72 00 00 00,4,128,,,,,,,,,,
model_BAS00_006.bin,104,72 00 00 00,4,128,,,,,,,,,,
model_BAS00_009.bin,104,72 00 00 00,4,128,,,,,,,,,,
model_BAS00_009.bin,800,72 00 00 00,4,128,,,,,,,,,,
model_BAS00_009.bin,3256,72 00 00 00,4,128,,,,,,,,,,
model_BAS00_010.bin,104,72 00 00 00,4,128,,,,,,,,,,
model_BAS00_011.bin,104,72 00 00 00,4,128,,,,,,,,,,
model_BAS00_011.bin,6320,72 00 00 00,4,128,,,,,,,,,,
model_BAS00_011.bin,9352,72 00 00 00,4,128,,,,,,,,,,
model_BAS00_011.bin,16232,72 00 00 00,4,128,,,,,,,,,,
model_BAS00_012.bin,3256,72 00 00 00,4,128,,,,,,,,,,
model_BAS00_013.bin,104,72 00 00 00,4,128,,,,,,,,,,
model_BAS00_014.bin,104,72 00 00 00,4,128,,,,,,,,,,
model_BAS00_015.bin,2592,72 00 00 00,4,128,,,,,,,,,,
model_BAS00_017.bin,104,72 00 00 00,4,128,,,,,,,,,,
model_BAS00_018.bin,104,72 00 00 00,4,128,,,,,,,,,,
model_BAS00_019.bin,104,72 00 00 00,4,128,,,,,,,,,,
model_BAS00_022.bin,104,72 00 00 00,4,128,,,,,,,,,,
model_BAS00_022.bin,800,72 00 00 00,4,128,,,,,,,,,,
model_BAS00_023.bin,104,72 00 00 00,4,128,,,,,,,,,,
model_BAS00_023.bin,1504,72 00 00 00,4,128,,,,,,,,,,
model_BAS00_024.bin,104,72 00 00 00,4,128,,,,,,,,,,
model_BAS00_024.bin,6272,72 00 00 00,4,128,,,,,,,,,,
model_BAS00_024.bin,9304,72 00 00 00,4,128,,,,,,,,,,
model_BAS00_024.bin,16224,72 00 00 00,4,128,,,,,,,,,,
model_BAS00_024.bin,22416,72 00 00 00,4,128,,,,,,,,,,
model_BAS00_026.bin,104,72 00 00 00,4,128,,,,,,,,,,
model_BAS00_027.bin,104,72 00 00 00,4,128,,,,,,,,,,
model_BAS00_028.bin,2592,72 00 00 00,4,128,,,,,,,,,,
model_BAS00_030.bin,5616,72 00 00 00,4,128,,,,,,,,,,
model_BAS00_003.bin,66248,d2 00 00 00,4,128,,,,,,,,,,
model_BAS00_002.bin,41400,d6 00 00 00,4,128,,,,,,,,,,
model_BAS00_002.bin,41536,d6 00 00 00,4,128,,,,,,,,,,
model_BAS00_002.bin,41672,d6 00 00 00,4,128,,,,,,,,,,
model_BAS00_002.bin,41808,d6 00 00 00,4,128,,,,,,,,,,
model_BAS00_002.bin,41944,d6 00 00 00,4,128,,,,,,,,,,
model_BAS00_002.bin,42080,d6 00 00 00,4,128,,,,,,,,,,
model_BAS00_002.bin,42216,d6 00 00 00,4,128,,,,,,,,,,
model_BAS00_002.bin,42352,d6 00 00 00,4,128,,,,,,,,,,
model_BAS00_002.bin,42488,d6 00 00 00,4,128,,,,,,,,,,
model_BAS00_002.bin,42624,d6 00 00 00,4,128,,,,,,,,,,
model_BAS00_002.bin,42760,d6 00 00 00,4,128,,,,,,,,,,
model_BAS00_002.bin,42896,d6 00 00 00,4,128,,,,,,,,,,
model_BAS00_002.bin,43032,d6 00 00 00,4,128,,,,,,,,,,
model_BAS00_002.bin,43168,d6 00 00 00,4,128,,,,,,,,,,
model_BAS00_002.bin,43304,d6 00 00 00,4,128,,,,,,,,,,
model_BAS00_002.bin,43440,d6 00 00 00,4,128,,,,,,,,,,
model_BAS00_002.bin,43576,d6 00 00 00,4,128,,,,,,,,,,
model_BAS00_002.bin,43712,d6 00 00 00,4,128,,,,,,,,,,
model_BAS00_002.bin,43848,d6 00 00 00,4,128,,,,,,,,,,
model_BAS00_002.bin,43984,d6 00 00 00,4,128,,,,,,,,,,
model_BAS00_002.bin,44120,d6 00 00 00,4,128,,,,,,,,,,
model_BAS00_002.bin,44256,d6 00 00 00,4,128,,,,,,,,,,
model_BAS00_002.bin,44392,d6 00 00 00,4,128,,,,,,,,,,
model_BAS00_002.bin,44528,d6 00 00 00,4,128,,,,,,,,,,
model_BAS00_002.bin,44664,d6 00 00 00,4,128,,,,,,,,,,
model_BAS00_002.bin,44800,d6 00 00 00,4,128,,,,,,,,,,
model_BAS00_002.bin,44936,d6 00 00 00,4,128,,,,,,,,,,
model_BAS00_002.bin,45072,d6 00 00 00,4,128,,,,,,,,,,
model_BAS00_002.bin,45208,d6 00 00 00,4,128,,,,,,,,,,
model_BAS00_002.bin,45344,d6 00 00 00,4,128,,,,,,,,,,
model_BAS00_002.bin,45480,d6 00 00 00,4,128,,,,,,,,,,
model_BAS00_002.bin,45616,d6 00 00 00,4,128,,,,,,,,,,
model_BAS00_002.bin,45752,d6 00 00 00,4,128,,,,,,,,,,
model_BAS00_002.bin,45888,d6 00 00 00,4,128,,,,,,,,,,
model_BAS00_002.bin,46024,d6 00 00 00,4,128,,,,,,,,,,
model_BAS00_002.bin,46160,d6 00 00 00,4,128,,,,,,,,,,
model_BAS00_002.bin,46296,d6 00 00 00,4,128,,,,,,,,,,
model_BAS00_002.bin,46432,d6 00 00 00,4,128,,,,,,,,,,
model_BAS00_002.bin,46568,d6 00 00 00,4,128,,,,,,,,,,
model_BAS00_002.bin,46704,d6 00 00 00,4,128,,,,,,,,,,
model_BAS00_002.bin,46840,d6 00 00 00,4,128,,,,,,,,,,
model_BAS00_002.bin,46976,d6 00 00 00,4,128,,,,,,,,,,
model_BAS00_002.bin,47112,d6 00 00 00,4,128,,,,,,,,,,
model_BAS00_002.bin,47248,d6 00 00 00,4,128,,,,,,,,,,
model_BAS00_002.bin,47384,d6 00 00 00,4,128,,,,,,,,,,
model_BAS00_002.bin,47520,d6 00 00 00,4,128,,,,,,,,,,
model_BAS00_002.bin,47656,d6 00 00 00,4,128,,,,,,,,,,
model_BAS00_003.bin,46560,f1 00 00 00,4,128,,,,,,,,,,
model_BAS00_003.bin,46696,f1 00 00 00,4,128,,,,,,,,,,
model_BAS00_003.bin,46832,f1 00 00 00,4,128,,,,,,,,,,
model_BAS00_003.bin,56256,f1 00 00 00,4,128,,,,,,,,,,
model_BAS00_003.bin,56392,f1 00 00 00,4,128,,,,,,,,,,
model_BAS00_003.bin,56528,f1 00 00 00,4,128,,,,,,,,,,
model_BAS00_002.bin,240,f2 00 00 00,4,128,,,,,,,,,,
model_BAS00_002.bin,8856,f2 00 00 00,4,128,,,,,,,,,,
model_BAS00_003.bin,22624,f2 00 00 00,4,128,,,,,,,,,,
model_BAS00_003.bin,22760,f2 00 00 00,4,128,,,,,,,,,,
model_BAS00_003.bin,22896,f2 00 00 00,4,128,,,,,,,,,,
model_BAS00_003.bin,23032,f2 00 00 00,4,128,,,,,,,,,,
model_BAS00_003.bin,23168,f2 00 00 00,4,128,,,,,,,,,,
model_BAS00_003.bin,23304,f2 00 00 00,4,128,,,,,,,,,,
model_BAS00_003.bin,23440,f2 00 00 00,4,128,,,,,,,,,,
model_BAS00_003.bin,23576,f2 00 00 00,4,128,,,,,,,,,,
model_BAS00_003.bin,43440,f2 00 00 00,4,128,,,,,,,,,,
model_BAS00_003.bin,70744,f2 00 00 00,4,128,,,,,,,,,,
model_BAS00_009.bin,936,f2 00 00 00,4,128,,,,,,,,,,
model_BAS00_010.bin,240,f2 00 00 00,4,128,,,,,,,,,,
model_BAS00_010.bin,376,f2 00 00 00,4,128,,,,,,,,,,
model_BAS00_011.bin,240,f2 00 00 00,4,128,,,,,,,,,,
model_BAS00_011.bin,376,f2 00 00 00,4,128,,,,,,,,,,
model_BAS00_011.bin,512,f2 00 00 00,4,128,,,,,,,,,,
model_BAS00_011.bin,648,f2 00 00 00,4,128,,,,,,,,,,
model_BAS00_011.bin,6456,f2 00 00 00,4,128,,,,,,,,,,
model_BAS00_011.bin,9488,f2 00 00 00,4,128,,,,,,,,,,
model_BAS00_011.bin,9624,f2 00 00 00,4,128,,,,,,,,,,
model_BAS00_011.bin,16368,f2 00 00 00,4,128,,,,,,,,,,
model_BAS00_012.bin,3392,f2 00 00 00,4,128,,,,,,,,,,
model_BAS00_024.bin,240,f2 00 00 00,4,128,,,,,,,,,,
model_BAS00_024.bin,376,f2 00 00 00,4,128,,,,,,,,,,
model_BAS00_024.bin,512,f2 00 00 00,4,128,,,,,,,,,,
model_BAS00_024.bin,648,f2 00 00 00,4,128,,,,,,,,,,
model_BAS00_024.bin,784,f2 00 00 00,4,128,,,,,,,,,,
model_BAS00_024.bin,6408,f2 00 00 00,4,128,,,,,,,,,,
model_BAS00_024.bin,9440,f2 00 00 00,4,128,,,,,,,,,,
model_BAS00_024.bin,9576,f2 00 00 00,4,128,,,,,,,,,,
model_BAS00_024.bin,9712,f2 00 00 00,4,128,,,,,,,,,,
model_BAS00_024.bin,9848,f2 00 00 00,4,128,,,,,,,,,,
model_BAS00_024.bin,9984,f2 00 00 00,4,128,,,,,,,,,,
model_BAS00_024.bin,16360,f2 00 00 00,4,128,,,,,,,,,,
model_BAS00_024.bin,16496,f2 00 00 00,4,128,,,,,,,,,,
model_BAS00_024.bin,16632,f2 00 00 00,4,128,,,,,,,,,,
model_BAS00_024.bin,16768,f2 00 00 00,4,128,,,,,,,,,,
model_BAS00_024.bin,16904,f2 00 00 00,4,128,,,,,,,,,,
model_BAS00_024.bin,22552,f2 00 00 00,4,128,,,,,,,,,,
model_BAS00_030.bin,5752,f2 00 00 00,4,128,,,,,,,,,,
model_BAS00_042.bin,104,72 00 00 00,4,552,,,,,,,,,,
model_BAS00_032.bin,104,72 00 00 00,4,864,,,,,,,,,,
model_BAS00_035.bin,104,72 00 00 00,4,1208,,,,,,,,,,
model_BAS00_041.bin,104,72 00 00 00,4,1208,,,,,,,,,,
model_BAS00_034.bin,104,72 00 00 00,4,1248,,,,,,,,,,
model_BAS00_039.bin,104,72 00 00 00,4,1248,,,,,,,,,,
model_BAS00_040.bin,104,72 00 00 00,4,1248,,,,,,,,,,
model_BAS00_045.bin,104,72 00 00 00,4,1248,,,,,,,,,,
model_BAS00_036.bin,104,72 00 00 00,4,1344,,,,,,,,,,
model_BAS00_033.bin,104,72 00 00 00,4,1472,,,,,,,,,,
model_BAS00_009.bin,752,0c 00 00 00,5,40,,,,,,,,,,
model_BAS00_022.bin,2976,0c 00 00 00,5,40,,,,,,,,,,
model_BAS00_003.bin,44136,0e 00 00 00,5,40,,,,,,,,,,
model_BAS00_003.bin,51208,1f 00 00 00,5,40,,,,,,,,,,
model_BAS00_003.bin,43256,2f 00 00 00,5,40,,,,,,,,,,
model_BAS00_003.bin,2496,f2 00 00 00,5,40,,,,,,,,,,
model_BAS00_003.bin,8768,f2 00 00 00,5,40,,,,,,,,,,
model_BAS00_003.bin,12680,f2 00 00 00,5,40,,,,,,,,,,
model_BAS00_003.bin,14200,f2 00 00 00,5,40,,,,,,,,,,
model_BAS00_003.bin,16360,f2 00 00 00,5,40,,,,,,,,,,
model_BAS00_003.bin,21408,f2 00 00 00,5,40,,,,,,,,,,
model_BAS00_003.bin,22192,f2 00 00 00,5,40,,,,,,,,,,
model_BAS00_003.bin,5792,f2 00 00 00,5,64,,,,,,,,,,
model_BAS00_003.bin,18328,f2 00 00 00,5,64,,,,,,,,,,
model_BAS00_003.bin,19464,f2 00 00 00,5,64,,,,,,,,,,
model_BAS00_003.bin,22096,72 00 00 00,5,88,,,,,,,,,,
model_BAS00_003.bin,6072,f2 00 00 00,5,88,,,,,,,,,,
model_BAS00_003.bin,13456,f2 00 00 00,5,88,,,,,,,,,,
model_BAS00_003.bin,15192,f2 00 00 00,5,88,,,,,,,,,,
model_BAS00_003.bin,21752,f2 00 00 00,5,88,,,,,,,,,,
model_BAS00_008.bin,656,f2 00 00 00,5,88,,,,,,,,,,
model_BAS00_011.bin,7456,f2 00 00 00,5,88,,,,,,,,,,
model_BAS00_011.bin,7864,f2 00 00 00,5,88,,,,,,,,,,
model_BAS00_016.bin,1376,f2 00 00 00,5,88,,,,,,,,,,
model_BAS00_016.bin,1640,f2 00 00 00,5,88,,,,,,,,,,
model_BAS00_021.bin,656,f2 00 00 00,5,88,,,,,,,,,,
model_BAS00_024.bin,7408,f2 00 00 00,5,88,,,,,,,,,,
model_BAS00_024.bin,7816,f2 00 00 00,5,88,,,,,,,,,,
model_BAS00_024.bin,17976,f2 00 00 00,5,88,,,,,,,,,,
model_BAS00_029.bin,3648,f2 00 00 00,5,88,,,,,,,,,,
model_BAS00_029.bin,3912,f2 00 00 00,5,88,,,,,,,,,,
model_BAS00_029.bin,4176,f2 00 00 00,5,88,,,,,,,,,,
model_BAS00_003.bin,21144,72 00 00 00,5,112,,,,,,,,,,
model_BAS00_002.bin,1608,f2 00 00 00,5,112,,,,,,,,,,
model_BAS00_002.bin,37808,f2 00 00 00,5,112,,,,,,,,,,
model_BAS00_002.bin,38096,f2 00 00 00,5,112,,,,,,,,,,
model_BAS00_002.bin,38384,f2 00 00 00,5,112,,,,,,,,,,
model_BAS00_002.bin,38504,f2 00 00 00,5,112,,,,,,,,,,
model_BAS00_003.bin,1392,f2 00 00 00,5,112,,,,,,,,,,
model_BAS00_003.bin,25512,f2 00 00 00,5,112,,,,,,,,,,
model_BAS00_003.bin,25968,f2 00 00 00,5,112,,,,,,,,,,
model_BAS00_008.bin,416,f2 00 00 00,5,112,,,,,,,,,,
model_BAS00_008.bin,536,f2 00 00 00,5,112,,,,,,,,,,
model_BAS00_011.bin,6592,f2 00 00 00,5,112,,,,,,,,,,
model_BAS00_011.bin,7336,f2 00 00 00,5,112,,,,,,,,,,
model_BAS00_021.bin,416,f2 00 00 00,5,112,,,,,,,,,,
model_BAS00_021.bin,536,f2 00 00 00,5,112,,,,,,,,,,
model_BAS00_023.bin,1640,f2 00 00 00,5,112,,,,,,,,,,
model_BAS00_024.bin,6544,f2 00 00 00,5,112,,,,,,,,,,
model_BAS00_024.bin,7288,f2 00 00 00,5,112,,,,,,,,,,
model_BAS00_024.bin,17688,f2 00 00 00,5,112,,,,,,,,,,
model_BAS00_012.bin,3992,f3 00 00 00,5,112,,,,,,,,,,
model_BAS00_016.bin,1904,f2 00 00 00,5,120,,,,,,,,,,
model_BAS00_003.bin,23880,f2 00 00 00,5,136,,,,,,,,,,
model_BAS00_003.bin,25032,f2 00 00 00,5,136,,,,,,,,,,
model_BAS00_003.bin,26088,f2 00 00 00,5,136,,,,,,,,,,
model_BAS00_005.bin,408,f2 00 00 00,5,136,,,,,,,,,,
model_BAS00_008.bin,272,f2 00 00 00,5,136,,,,,,,,,,
model_BAS00_011.bin,6880,f2 00 00 00,5,136,,,,,,,,,,
model_BAS00_011.bin,7192,f2 00 00 00,5,136,,,,,,,,,,
model_BAS00_011.bin,7720,f2 00 00 00,5,136,,,,,,,,,,
model_BAS00_011.bin,17344,f2 00 00 00,5,136,,,,,,,,,,
model_BAS00_021.bin,272,f2 00 00 00,5,136,,,,,,,,,,
model_BAS00_024.bin,6832,f2 00 00 00,5,136,,,,,,,,,,
model_BAS00_024.bin,7144,f2 00 00 00,5,136,,,,,,,,,,
model_BAS00_024.bin,7672,f2 00 00 00,5,136,,,,,,,,,,
model_BAS00_024.bin,17208,f2 00 00 00,5,136,,,,,,,,,,
model_BAS00_024.bin,18072,f2 00 00 00,5,136,,,,,,,,,,
model_BAS00_002.bin,1272,72 00 00 00,5,160,,,,,,,,,,
model_BAS00_002.bin,2784,72 00 00 00,5,160,,,,,,,,,,
model_BAS00_002.bin,37472,72 00 00 00,5,160,,,,,,,,,,
model_BAS00_003.bin,44848,72 00 00 00,5,160,,,,,,,,,,
model_BAS00_003.bin,45824,72 00 00 00,5,160,,,,,,,,,,
model_BAS00_003.bin,67048,72 00 00 00,5,160,,,,,,,,,,
model_BAS00_007.bin,104,72 00 00 00,5,160,,,,,,,,,,
model_BAS00_008.bin,104,72 00 00 00,5,160,,,,,,,,,,
model_BAS00_009.bin,3392,72 00 00 00,5,160,,,,,,,,,,
model_BAS00_011.bin,22384,72 00 00 00,5,160,,,,,,,,,,
model_BAS00_016.bin,1208,72 00 00 00,5,160,,,,,,,,,,
model_BAS00_020.bin,104,72 00 00 00,5,160,,,,,,,,,,
model_BAS00_021.bin,104,72 00 00 00,5,160,,,,,,,,,,
model_BAS00_022.bin,936,72 00 00 00,5,160,,,,,,,,,,
model_BAS00_022.bin,3024,72 00 00 00,5,160,,,,,,,,,,
model_BAS00_029.bin,3480,72 00 00 00,5,160,,,,,,,,,,
model_BAS00_030.bin,288,72 00 00 00,5,160,,,,,,,,,,
model_BAS00_030.bin,3456,72 00 00 00,5,160,,,,,,,,,,
model_BAS00_003.bin,42944,f1 00 00 00,5,160,,,,,,,,,,
model_BAS00_003.bin,56664,f1 00 00 00,5,160,,,,,,,,,,
model_BAS00_003.bin,56832,f1 00 00 00,5,160,,,,,,,,,,
model_BAS00_002.bin,376,f2 00 00 00,5,160,,,,,,,,,,
model_BAS00_002.bin,544,f2 00 00 00,5,160,,,,,,,,,,
model_BAS00_002.bin,1440,f2 00 00 00,5,160,,,,,,,,,,
model_BAS00_002.bin,5976,f2 00 00 00,5,160,,,,,,,,,,
model_BAS00_002.bin,6144,f2 00 00 00,5,160,,,,,,,,,,
model_BAS00_002.bin,6312,f2 00 00 00,5,160,,,,,,,,,,
model_BAS00_002.bin,7304,f2 00 00 00,5,160,,,,,,,,,,
model_BAS00_002.bin,7472,f2 00 00 00,5,160,,,,,,,,,,
model_BAS00_002.bin,8992,f2 00 00 00,5,160,,,,,,,,,,
model_BAS00_002.bin,9160,f2 00 00 00,5,160,,,,,,,,,,
model_BAS00_002.bin,9328,f2 00 00 00,5,160,,,,,,,,,,
model_BAS00_002.bin,37640,f2 00 00 00,5,160,,,,,,,,,,
model_BAS00_002.bin,37928,f2 00 00 00,5,160,,,,,,,,,,
model_BAS00_002.bin,38216,f2 00 00 00,5,160,,,,,,,,,,
model_BAS00_003.bin,23712,f2 00 00 00,5,160,,,,,,,,,,
model_BAS00_003.bin,24024,f2 00 00 00,5,160,,,,,,,,,,
model_BAS00_003.bin,24192,f2 00 00 00,5,160,,,,,,,,,,
model_BAS00_003.bin,24360,f2 00 00 00,5,160,,,,,,,,,,
model_BAS00_003.bin,24528,f2 00 00 00,5,160,,,,,,,,,,
model_BAS00_003.bin,24696,f2 00 00 00,5,160,,,,,,,,,,
model_BAS00_003.bin,24864,f2 00 00 00,5,160,,,,,,,,,,
model_BAS00_003.bin,25176,f2 00 00 00,5,160,,,,,,,,,,
model_BAS00_003.bin,25344,f2 00 00 00,5,160,,,,,,,,,,
model_BAS00_003.bin,25632,f2 00 00 00,5,160,,,,,,,,,,
model_BAS00_003.bin,25800,f2 00 00 00,5,160,,,,,,,,,,
model_BAS00_003.bin,38640,f2 00 00 00,5,160,,,,,,,,,,
model_BAS00_003.bin,45016,f2 00 00 00,5,160,,,,,,,,,,
model_BAS00_003.bin,45992,f2 00 00 00,5,160,,,,,,,,,,
model_BAS00_005.bin,240,f2 00 00 00,5,160,,,,,,,,,,
model_BAS00_006.bin,240,f2 00 00 00,5,160,,,,,,,,,,
model_BAS00_009.bin,1072,f2 00 00 00,5,160,,,,,,,,,,
model_BAS00_010.bin,512,f2 00 00 00,5,160,,,,,,,,,,
model_BAS00_011.bin,896,f2 00 00 00,5,160,,,,,,,,,,
model_BAS00_011.bin,1064,f2 00 00 00,5,160,,,,,,,,,,
model_BAS00_011.bin,1232,f2 00 00 00,5,160,,,,,,,,,,
model_BAS00_011.bin,6712,f2 00 00 00,5,160,,,,,,,,,,
model_BAS00_011.bin,7024,f2 00 00 00,5,160,,,,,,,,,,
model_BAS00_011.bin,7552,f2 00 00 00,5,160,,,,,,,,,,
model_BAS00_011.bin,9760,f2 00 00 00,5,160,,,,,,,,,,
model_BAS00_011.bin,9928,f2 00 00 00,5,160,,,,,,,,,,
model_BAS00_011.bin,16504,f2 00 00 00,5,160,,,,,,,,,,
model_BAS00_011.bin,16672,f2 00 00 00,5,160,,,,,,,,,,
model_BAS00_011.bin,16840,f2 00 00 00,5,160,,,,,,,,,,
model_BAS00_011.bin,17008,f2 00 00 00,5,160,,,,,,,,,,
model_BAS00_011.bin,17176,f2 00 00 00,5,160,,,,,,,,,,
model_BAS00_013.bin,240,f2 00 00 00,5,160,,,,,,,,,,
model_BAS00_015.bin,2728,f2 00 00 00,5,160,,,,,,,,,,
model_BAS00_016.bin,1472,f2 00 00 00,5,160,,,,,,,,,,
model_BAS00_016.bin,1736,f2 00 00 00,5,160,,,,,,,,,,
model_BAS00_017.bin,240,f2 00 00 00,5,160,,,,,,,,,,
model_BAS00_018.bin,240,f2 00 00 00,5,160,,,,,,,,,,
model_BAS00_019.bin,240,f2 00 00 00,5,160,,,,,,,,,,
model_BAS00_019.bin,408,f2 00 00 00,5,160,,,,,,,,,,
model_BAS00_022.bin,3192,f2 00 00 00,5,160,,,,,,,,,,
model_BAS00_023.bin,240,f2 00 00 00,5,160,,,,,,,,,,
model_BAS00_024.bin,1032,f2 00 00 00,5,160,,,,,,,,,,
model_BAS00_024.bin,1200,f2 00 00 00,5,160,,,,,,,,,,
model_BAS00_024.bin,1368,f2 00 00 00,5,160,,,,,,,,,,
model_BAS00_024.bin,1536,f2 00 00 00,5,160,,,,,,,,,,
model_BAS00_024.bin,6664,f2 00 00 00,5,160,,,,,,,,,,
model_BAS00_024.bin,6976,f2 00 00 00,5,160,,,,,,,,,,
model_BAS00_024.bin,7504,f2 00 00 00,5,160,,,,,,,,,,
model_BAS00_024.bin,10120,f2 00 00 00,5,160,,,,,,,,,,
model_BAS00_024.bin,10288,f2 00 00 00,5,160,,,,,,,,,,
model_BAS00_024.bin,17040,f2 00 00 00,5,160,,,,,,,,,,
model_BAS00_024.bin,17352,f2 00 00 00,5,160,,,,,,,,,,
model_BAS00_024.bin,17520,f2 00 00 00,5,160,,,,,,,,,,
model_BAS00_024.bin,17808,f2 00 00 00,5,160,,,,,,,,,,
model_BAS00_026.bin,240,f2 00 00 00,5,160,,,,,,,,,,
model_BAS00_028.bin,2728,f2 00 00 00,5,160,,,,,,,,,,
model_BAS00_029.bin,3744,f2 00 00 00,5,160,,,,,,,,,,
model_BAS00_029.bin,4008,f2 00 00 00,5,160,,,,,,,,,,
model_BAS00_030.bin,456,f2 00 00 00,5,160,,,,,,,,,,
model_BAS00_030.bin,624,f2 00 00 00,5,160,,,,,,,,,,
model_BAS00_011.bin,23336,6a 00 00 00,5,192,,,,,,,,,,
model_BAS00_031.bin,104,72 00 00 00,5,1120,,,,,,,,,,
model_BAS00_003.bin,19728,72 00 00 00,6,48,,,,,,,,,,
model_BAS00_002.bin,2432,73 00 00 00,6,48,,,,,,,,,,
model_BAS00_003.bin,21264,f2 00 00 00,6,48,,,,,,,,,,
model_BAS00_003.bin,19648,73 00 00 00,6,72,,,,,,,,,,
model_BAS00_009.bin,3024,73 00 00 00,6,72,,,,,,,,,,
model_BAS00_011.bin,15320,73 00 00 00,6,72,,,,,,,,,,
model_BAS00_022.bin,5248,73 00 00 00,6,72,,,,,,,,,,
model_BAS00_003.bin,22240,f2 00 00 00,6,80,,,,,,,,,,
model_BAS00_003.bin,848,72 00 00 00,6,96,,,,,,,,,,
model_BAS00_002.bin,920,73 00 00 00,6,96,,,,,,,,,,
model_BAS00_003.bin,18800,73 00 00 00,6,96,,,,,,,,,,
model_BAS00_003.bin,19784,73 00 00 00,6,96,,,,,,,,,,
model_BAS00_003.bin,35280,73 00 00 00,6,96,,,,,,,,,,
model_BAS00_017.bin,1784,73 00 00 00,6,96,,,,,,,,,,
model_BAS00_024.bin,21704,73 00 00 00,6,96,,,,,,,,,,
model_BAS00_024.bin,23472,73 00 00 00,6,96,,,,,,,,,,
model_BAS00_003.bin,3416,f2 00 00 00,6,96,,,,,,,,,,
model_BAS00_003.bin,8448,f2 00 00 00,6,96,,,,,,,,,,
model_BAS00_003.bin,16256,f2 00 00 00,6,96,,,,,,,,,,
model_BAS00_024.bin,18216,f2 00 00 00,6,96,,,,,,,,,,
model_BAS00_002.bin,5552,f3 00 00 00,6,96,,,,,,,,,,
model_BAS00_022.bin,2864,73 00 00 00,6,104,,,,,,,,,,
model_BAS00_002.bin,5296,73 00 00 00,6,120,,,,,,,,,,
model_BAS00_003.bin,9440,73 00 00 00,6,120,,,,,,,,,,
model_BAS00_011.bin,21504,73 00 00 00,6,120,,,,,,,,,,
model_BAS00_019.bin,1288,73 00 00 00,6,120,,,,,,,,,,
model_BAS00_002.bin,3152,f2 00 00 00,6,120,,,,,,,,,,
model_BAS00_003.bin,26784,f2 00 00 00,6,120,,,,,,,,,,
model_BAS00_003.bin,26912,f2 00 00 00,6,120,,,,,,,,,,
model_BAS00_003.bin,39008,f2 00 00 00,6,120,,,,,,,,,,
model_BAS00_003.bin,42360,f2 00 00 00,6,120,,,,,,,,,,
model_BAS00_002.bin,5424,f3 00 00 00,6,120,,,,,,,,,,
model_BAS00_024.bin,21808,f3 00 00 00,6,120,,,,,,,,,,
model_BAS00_003.bin,70424,73 00 00 00,6,128,,,,,,,,,,
model_BAS00_028.bin,3624,73 00 00 00,6,128,,,,,,,,,,
model_BAS00_002.bin,10256,73 00 00 00,6,144,,,,,,,,,,
model_BAS00_003.bin,57400,f1 00 00 00,6,144,,,,,,,,,,
model_BAS00_002.bin,6480,f2 00 00 00,6,144,,,,,,,,,,
model_BAS00_002.bin,9496,f2 00 00 00,6,144,,,,,,,,,,
model_BAS00_003.bin,3264,f2 00 00 00,6,144,,,,,,,,,,
model_BAS00_003.bin,10088,f2 00 00 00,6,144,,,,,,,,,,
model_BAS00_003.bin,26632,f2 00 00 00,6,144,,,,,,,,,,
model_BAS00_010.bin,880,f2 00 00 00,6,144,,,,,,,,,,
model_BAS00_011.bin,10296,f2 00 00 00,6,144,,,,,,,,,,
model_BAS00_011.bin,10448,f2 00 00 00,6,144,,,,,,,,,,
model_BAS00_011.bin,22552,f2 00 00 00,6,144,,,,,,,,,,
model_BAS00_018.bin,408,f2 00 00 00,6,144,,,,,,,,,,
model_BAS00_024.bin,10856,f2 00 00 00,6,144,,,,,,,,,,
model_BAS00_024.bin,11008,f2 00 00 00,6,144,,,,,,,,,,
model_BAS00_003.bin,18904,f3 00 00 00,6,144,,,,,,,,,,
model_BAS00_005.bin,552,f2 00 00 00,6,168,,,,,,,,,,
model_BAS00_018.bin,560,f2 00 00 00,6,168,,,,,,,,,,
model_BAS00_011.bin,9120,6a 00 00 00,6,176,,,,,,,,,,
model_BAS00_024.bin,9072,6a 00 00 00,6,176,,,,,,,,,,
model_BAS00_002.bin,5656,f3 00 00 00,6,176,,,,,,,,,,
model_BAS00_003.bin,51256,71 00 00 00,6,192,,,,,,,,,,
model_BAS00_003.bin,63816,72 00 00 00,6,192,,,,,,,,,,
model_BAS00_004.bin,2056,72 00 00 00,6,192,,,,,,,,,,
model_BAS00_012.bin,4112,72 00 00 00,6,192,,,,,,,,,,
model_BAS00_030.bin,4312,72 00 00 00,6,192,,,,,,,,,,
model_BAS00_011.bin,23136,73 00 00 00,6,192,,,,,,,,,,
model_BAS00_012.bin,3528,73 00 00 00,6,192,,,,,,,,,,
model_BAS00_030.bin,1696,73 00 00 00,6,192,,,,,,,,,,
model_BAS00_003.bin,51456,f1 00 00 00,6,192,,,,,,,,,,
model_BAS00_003.bin,54840,f1 00 00 00,6,192,,,,,,,,,,
model_BAS00_003.bin,57000,f1 00 00 00,6,192,,,,,,,,,,
model_BAS00_003.bin,57200,f1 00 00 00,6,192,,,,,,,,,,
model_BAS00_003.bin,57552,f1 00 00 00,6,192,,,,,,,,,,
model_BAS00_002.bin,2952,f2 00 00 00,6,192,,,,,,,,,,
model_BAS00_003.bin,26232,f2 00 00 00,6,192,,,,,,,,,,
model_BAS00_003.bin,26432,f2 00 00 00,6,192,,,,,,,,,,
model_BAS00_003.bin,27040,f2 00 00 00,6,192,,,,,,,,,,
model_BAS00_003.bin,38808,f2 00 00 00,6,192,,,,,,,,,,
model_BAS00_003.bin,64016,f2 00 00 00,6,192,,,,,,,,,,
model_BAS00_004.bin,240,f2 00 00 00,6,192,,,,,,,,,,
model_BAS00_004.bin,2256,f2 00 00 00,6,192,,,,,,,,,,
model_BAS00_009.bin,3560,f2 00 00 00,6,192,,,,,,,,,,
model_BAS00_010.bin,680,f2 00 00 00,6,192,,,,,,,,,,
model_BAS00_011.bin,10096,f2 00 00 00,6,192,,,,,,,,,,
model_BAS00_011.bin,17488,f2 00 00 00,6,192,,,,,,,,,,
model_BAS00_011.bin,17688,f2 00 00 00,6,192,,,,,,,,,,
model_BAS00_023.bin,1760,f2 00 00 00,6,192,,,,,,,,,,
model_BAS00_024.bin,10456,f2 00 00 00,6,192,,,,,,,,,,
model_BAS00_024.bin,10656,f2 00 00 00,6,192,,,,,,,,,,
model_BAS00_024.bin,18320,f2 00 00 00,6,192,,,,,,,,,,
model_BAS00_030.bin,3016,f2 00 00 00,6,192,,,,,,,,,,
model_BAS00_003.bin,63584,69 00 00 00,6,224,,,,,,,,,,
model_BAS00_003.bin,2432,f2 00 00 00,7,56,,,,,,,,,,
model_BAS00_003.bin,21320,f2 00 00 00,7,80,,,,,,,,,,
model_BAS00_003.bin,12192,f2 00 00 00,7,104,,,,,,,,,,
model_BAS00_003.bin,19536,f2 00 00 00,7,104,,,,,,,,,,
model_BAS00_003.bin,28168,f2 00 00 00,7,104,,,,,,,,,,
model_BAS00_003.bin,13320,f2 00 00 00,7,128,,,,,,,,,,
model_BAS00_003.bin,14248,f2 00 00 00,7,128,,,,,,,,,,
model_BAS00_003.bin,28440,f2 00 00 00,7,128,,,,,,,,,,
model_BAS00_011.bin,18120,f2 00 00 00,7,128,,,,,,,,,,
model_BAS00_030.bin,792,f2 00 00 00,7,128,,,,,,,,,,
model_BAS00_003.bin,17088,72 00 00 00,7,152,,,,,,,,,,
model_BAS00_003.bin,57752,f1 00 00 00,7,152,,,,,,,,,,
model_BAS00_003.bin,28280,f2 00 00 00,7,152,,,,,,,,,,
model_BAS00_007.bin,272,f2 00 00 00,7,152,,,,,,,,,,
model_BAS00_011.bin,10832,f2 00 00 00,7,152,,,,,,,,,,
model_BAS00_011.bin,18256,f2 00 00 00,7,152,,,,,,,,,,
model_BAS00_020.bin,272,f2 00 00 00,7,152,,,,,,,,,,
model_BAS00_024.bin,11392,f2 00 00 00,7,152,,,,,,,,,,
model_BAS00_024.bin,18520,f2 00 00 00,7,152,,,,,,,,,,
model_BAS00_024.bin,22688,f2 00 00 00,7,152,,,,,,,,,,
model_BAS00_030.bin,1896,72 00 00 00,7,176,,,,,,,,,,
model_BAS00_003.bin,55040,f1 00 00 00,7,176,,,,,,,,,,
model_BAS00_002.bin,7640,f2 00 00 00,7,176,,,,,,,,,,
model_BAS00_003.bin,2840,f2 00 00 00,7,176,,,,,,,,,,
model_BAS00_003.bin,21568,f2 00 00 00,7,176,,,,,,,,,,
model_BAS00_010.bin,1032,f2 00 00 00,7,176,,,,,,,,,,
model_BAS00_011.bin,10992,f2 00 00 00,7,176,,,,,,,,,,
model_BAS00_013.bin,408,f2 00 00 00,7,176,,,,,,,,,,
model_BAS00_015.bin,2896,f2 00 00 00,7,176,,,,,,,,,,
model_BAS00_023.bin,408,f2 00 00 00,7,176,,,,,,,,,,
model_BAS00_024.bin,11552,f2 00 00 00,7,176,,,,,,,,,,
model_BAS00_026.bin,408,f2 00 00 00,7,176,,,,,,,,,,
model_BAS00_030.bin,928,f2 00 00 00,7,176,,,,,,,,,,
model_BAS00_030.bin,2312,f2 00 00 00,7,176,,,,,,,,,,
model_BAS00_003.bin,28576,f2 00 00 00,7,200,,,,,,,,,,
model_BAS00_003.bin,54072,71 00 00 00,7,224,,,,,,,,,,
model_BAS00_012.bin,104,72 00 00 00,7,224,,,,,,,,,,
model_BAS00_015.bin,104,72 00 00 00,7,224,,,,,,,,,,
model_BAS00_016.bin,104,72 00 00 00,7,224,,,,,,,,,,
model_BAS00_025.bin,104,72 00 00 00,7,224,,,,,,,,,,
model_BAS00_028.bin,104,72 00 00 00,7,224,,,,,,,,,,
model_BAS00_029.bin,2104,72 00 00 00,7,224,,,,,,,,,,
model_BAS00_003.bin,57912,f1 00 00 00,7,224,,,,,,,,,,
model_BAS00_002.bin,1728,f2 00 00 00,7,224,,,,,,,,,,
model_BAS00_003.bin,27240,f2 00 00 00,7,224,,,,,,,,,,
model_BAS00_003.bin,27472,f2 00 00 00,7,224,,,,,,,,,,
model_BAS00_003.bin,27704,f2 00 00 00,7,224,,,,,,,,,,
model_BAS00_003.bin,27936,f2 00 00 00,7,224,,,,,,,,,,
model_BAS00_003.bin,39136,f2 00 00 00,7,224,,,,,,,,,,
model_BAS00_004.bin,440,f2 00 00 00,7,224,,,,,,,,,,
model_BAS00_009.bin,240,f2 00 00 00,7,224,,,,,,,,,,
model_BAS00_011.bin,1400,f2 00 00 00,7,224,,,,,,,,,,
model_BAS00_011.bin,1632,f2 00 00 00,7,224,,,,,,,,,,
model_BAS00_011.bin,1864,f2 00 00 00,7,224,,,,,,,,,,
model_BAS00_011.bin,7960,f2 00 00 00,7,224,,,,,,,,,,
model_BAS00_011.bin,8192,f2 00 00 00,7,224,,,,,,,,,,
model_BAS00_011.bin,8424,f2 00 00 00,7,224,,,,,,,,,,
model_BAS00_011.bin,8656,f2 00 00 00,7,224,,,,,,,,,,
model_BAS00_011.bin,8888,f2 00 00 00,7,224,,,,,,,,,,
model_BAS00_011.bin,10600,f2 00 00 00,7,224,,,,,,,,,,
model_BAS00_011.bin,17888,f2 00 00 00,7,224,,,,,,,,,,
model_BAS00_011.bin,22704,f2 00 00 00,7,224,,,,,,,,,,
model_BAS00_022.bin,240,f2 00 00 00,7,224,,,,,,,,,,
model_BAS00_023.bin,592,f2 00 00 00,7,224,,,,,,,,,,
model_BAS00_024.bin,1704,f2 00 00 00,7,224,,,,,,,,,,
model_BAS00_024.bin,7912,f2 00 00 00,7,224,,,,,,,,,,
model_BAS00_024.bin,8144,f2 00 00 00,7,224,,,,,,,,,,
model_BAS00_024.bin,8376,f2 00 00 00,7,224,,,,,,,,,,
model_BAS00_024.bin,8608,f2 00 00 00,7,224,,,,,,,,,,
model_BAS00_024.bin,8840,f2 00 00 00,7,224,,,,,,,,,,
model_BAS00_024.bin,11160,f2 00 00 00,7,224,,,,,,,,,,
model_BAS00_024.bin,22848,f2 00 00 00,7,224,,,,,,,,,,
model_BAS00_030.bin,2080,f2 00 00 00,7,224,,,,,,,,,,
model_BAS00_030.bin,4512,f2 00 00 00,7,224,,,,,,,,,,
model_BAS00_032.bin,976,f2 00 00 00,7,864,,,,,,,,,,
model_BAS00_003.bin,20696,73 00 00 00,8,64,,,,,,,,,,
model_BAS00_011.bin,5472,73 00 00 00,8,64,,,,,,,,,,
model_BAS00_024.bin,5240,73 00 00 00,8,64,,,,,,,,,,
model_BAS00_030.bin,6792,73 00 00 00,8,64,,,,,,,,,,
model_BAS00_003.bin,12728,f2 00 00 00,8,64,,,,,,,,,,
model_BAS00_003.bin,35384,f3 00 00 00,8,64,,,,,,,,,,
model_BAS00_022.bin,5328,f3 00 00 00,8,64,,,,,,,,,,
model_BAS00_024.bin,21936,f3 00 00 00,8,64,,,,,,,,,,
model_BAS00_009.bin,5280,73 00 00 00,8,112,,,,,,,,,,
model_BAS00_003.bin,55488,f1 00 00 00,8,112,,,,,,,,,,
model_BAS00_003.bin,58936,f1 00 00 00,8,112,,,,,,,,,,
model_BAS00_024.bin,15608,73 00 00 00,8,136,,,,,,,,,,
model_BAS00_003.bin,18400,f2 00 00 00,8,136,,,,,,,,,,
model_BAS00_011.bin,2096,f2 00 00 00,8,136,,,,,,,,,,
model_BAS00_030.bin,5008,f2 00 00 00,8,136,,,,,,,,,,
model_BAS00_011.bin,15400,f3 00 00 00,8,136,,,,,,,,,,
model_BAS00_011.bin,15544,f3 00 00 00,8,136,,,,,,,,,,
model_BAS00_011.bin,15688,f3 00 00 00,8,136,,,,,,,,,,
model_BAS00_017.bin,1888,f3 00 00 00,8,136,,,,,,,,,,
model_BAS00_024.bin,15752,f3 00 00 00,8,136,,,,,,,,,,
model_BAS00_009.bin,3104,f3 00 00 00,8,144,,,,,,,,,,
model_BAS00_003.bin,55608,f1 00 00 00,8,160,,,,,,,,,,
model_BAS00_003.bin,59272,f1 00 00 00,8,160,,,,,,,,,,
model_BAS00_003.bin,59440,f1 00 00 00,8,160,,,,,,,,,,
model_BAS00_003.bin,29000,f2 00 00 00,8,160,,,,,,,,,,
model_BAS00_003.bin,29168,f2 00 00 00,8,160,,,,,,,,,,
model_BAS00_003.bin,44320,f2 00 00 00,8,160,,,,,,,,,,
model_BAS00_010.bin,1216,f2 00 00 00,8,160,,,,,,,,,,
model_BAS00_011.bin,2240,f2 00 00 00,8,160,,,,,,,,,,
model_BAS00_024.bin,1936,f2 00 00 00,8,160,,,,,,,,,,
model_BAS00_024.bin,18680,f2 00 00 00,8,160,,,,,,,,,,
model_BAS00_030.bin,5152,f2 00 00 00,8,160,,,,,,,,,,
model_BAS00_031.bin,1608,f3 00 00 00,8,160,,,,,,,,,,
model_BAS00_002.bin,3280,f2 00 00 00,8,184,,,,,,,,,,
model_BAS00_006.bin,408,f2 00 00 00,8,184,,,,,,,,,,
model_BAS00_002.bin,1024,f3 00 00 00,8,192,,,,,,,,,,
model_BAS00_013.bin,592,73 00 00 00,8,208,,,,,,,,,,
model_BAS00_026.bin,592,73 00 00 00,8,208,,,,,,,,,,
model_BAS00_027.bin,616,73 00 00 00,8,208,,,,,,,,,,
model_BAS00_003.bin,59056,f1 00 00 00,8,208,,,,,,,,,,
model_BAS00_003.bin,59608,f1 00 00 00,8,208,,,,,,,,,,
model_BAS00_002.bin,9648,f2 00 00 00,8,208,,,,,,,,,,
model_BAS00_003.bin,2216,f2 00 00 00,8,208,,,,,,,,,,
model_BAS00_003.bin,28784,f2 00 00 00,8,208,,,,,,,,,,
model_BAS00_011.bin,18416,f2 00 00 00,8,208,,,,,,,,,,
model_BAS00_015.bin,3080,f2 00 00 00,8,208,,,,,,,,,,
model_BAS00_022.bin,1104,f2 00 00 00,8,208,,,,,,,,,,
model_BAS00_012.bin,440,73 00 00 00,8,232,,,,,,,,,,
model_BAS00_025.bin,440,73 00 00 00,8,232,,,,,,,,,,
model_BAS00_003.bin,3024,f2 00 00 00,8,232,,,,,,,,,,
model_BAS00_003.bin,12912,f2 00 00 00,8,232,,,,,,,,,,
model_BAS00_012.bin,680,f3 00 00 00,8,232,,,,,,,,,,
model_BAS00_025.bin,680,f3 00 00 00,8,232,,,,,,,,,,
model_BAS00_003.bin,53224,71 00 00 00,8,256,,,,,,,,,,
model_BAS00_003.bin,54304,f1 00 00 00,8,256,,,,,,,,,,
model_BAS00_003.bin,55224,f1 00 00 00,8,256,,,,,,,,,,
model_BAS00_003.bin,58144,f1 00 00 00,8,256,,,,,,,,,,
model_BAS00_003.bin,58408,f1 00 00 00,8,256,,,,,,,,,,
model_BAS00_003.bin,58672,f1 00 00 00,8,256,,,,,,,,,,
model_BAS00_003.bin,952,f2 00 00 00,8,256,,,,,,,,,,
model_BAS00_003.bin,29336,f2 00 00 00,8,256,,,,,,,,,,
model_BAS00_004.bin,2456,f2 00 00 00,8,256,,,,,,,,,,
model_BAS00_014.bin,240,f2 00 00 00,8,256,,,,,,,,,,
model_BAS00_017.bin,408,f2 00 00 00,8,256,,,,,,,,,,
model_BAS00_030.bin,4744,f2 00 00 00,8,256,,,,,,,,,,
model_BAS00_012.bin,3728,f3 00 00 00,8,256,,,,,,,,,,
model_BAS00_024.bin,22112,6a 00 00 00,8,296,,,,,,,,,,
model_BAS00_024.bin,15896,6a 00 00 00,8,320,,,,,,,,,,
model_BAS00_024.bin,5848,6a 00 00 00,8,368,,,,,,,,,,
model_BAS00_042.bin,664,73 00 00 00,8,784,,,,,,,,,,
model_BAS00_037.bin,104,73 00 00 00,8,1216,,,,,,,,,,
model_BAS00_043.bin,104,73 00 00 00,8,1216,,,,,,,,,,
model_BAS00_038.bin,104,73 00 00 00,8,1376,,,,,,,,,,
model_BAS00_044.bin,104,73 00 00 00,8,1376,,,,,,,,,,
model_BAS00_003.bin,20120,f2 00 00 00,9,72,,,,,,,,,,
model_BAS00_003.bin,29728,f2 00 00 00,9,96,,,,,,,,,,
model_BAS00_010.bin,1384,f2 00 00 00,9,96,,,,,,,,,,
model_BAS00_002.bin,6632,f2 00 00 00,9,120,,,,,,,,,,
model_BAS00_003.bin,29600,f2 00 00 00,9,120,,,,,,,,,,
model_BAS00_011.bin,2408,f2 00 00 00,9,120,,,,,,,,,,
model_BAS00_024.bin,2104,f2 00 00 00,9,120,,,,,,,,,,
model_BAS00_024.bin,19344,f2 00 00 00,9,120,,,,,,,,,,
model_BAS00_024.bin,23080,f2 00 00 00,9,120,,,,,,,,,,
model_BAS00_003.bin,8616,f2 00 00 00,9,144,,,,,,,,,,
model_BAS00_030.bin,5320,f2 00 00 00,9,144,,,,,,,,,,
model_BAS00_003.bin,60120,f1 00 00 00,9,168,,,,,,,,,,
model_BAS00_003.bin,1216,f2 00 00 00,9,168,,,,,,,,,,
model_BAS00_003.bin,4520,f2 00 00 00,9,168,,,,,,,,,,
model_BAS00_003.bin,9912,f2 00 00 00,9,168,,,,,,,,,,
model_BAS00_005.bin,728,f2 00 00 00,9,168,,,,,,,,,,
model_BAS00_003.bin,5592,72 00 00 00,9,192,,,,,,,,,,
model_BAS00_003.bin,51656,f1 00 00 00,9,192,,,,,,,,,,
model_BAS00_003.bin,51856,f1 00 00 00,9,192,,,,,,,,,,
model_BAS00_003.bin,55776,f1 00 00 00,9,192,,,,,,,,,,
model_BAS00_003.bin,60296,f1 00 00 00,9,192,,,,,,,,,,
model_BAS00_011.bin,11176,f2 00 00 00,9,192,,,,,,,,,,
model_BAS00_011.bin,22936,f2 00 00 00,9,192,,,,,,,,,,
model_BAS00_015.bin,3296,f2 00 00 00,9,192,,,,,,,,,,
model_BAS00_018.bin,736,f2 00 00 00,9,192,,,,,,,,,,
model_BAS00_024.bin,11960,f2 00 00 00,9,192,,,,,,,,,,
model_BAS00_003.bin,29832,f2 00 00 00,9,216,,,,,,,,,,
model_BAS00_003.bin,39368,f2 00 00 00,9,216,,,,,,,,,,
model_BAS00_011.bin,11376,f2 00 00 00,9,216,,,,,,,,,,
model_BAS00_011.bin,18880,f2 00 00 00,9,216,,,,,,,,,,
model_BAS00_017.bin,672,f2 00 00 00,9,216,,,,,,,,,,
model_BAS00_024.bin,11736,f2 00 00 00,9,216,,,,,,,,,,
model_BAS00_024.bin,19472,f2 00 00 00,9,216,,,,,,,,,,
model_BAS00_011.bin,18632,f2 00 00 00,9,240,,,,,,,,,,
model_BAS00_017.bin,896,f2 00 00 00,9,240,,,,,,,,,,
model_BAS00_024.bin,12160,f2 00 00 00,9,240,,,,,,,,,,
model_BAS00_024.bin,18848,f2 00 00 00,9,240,,,,,,,,,,
model_BAS00_024.bin,19096,f2 00 00 00,9,240,,,,,,,,,,
model_BAS00_028.bin,2896,f2 00 00 00,9,240,,,,,,,,,,
model_BAS00_030.bin,3624,f2 00 00 00,9,240,,,,,,,,,,
model_BAS00_002.bin,1960,f2 00 00 00,9,264,,,,,,,,,,
model_BAS00_009.bin,472,f2 00 00 00,9,272,,,,,,,,,,
model_BAS00_016.bin,2080,72 00 00 00,9,288,,,,,,,,,,
model_BAS00_029.bin,104,72 00 00 00,9,288,,,,,,,,,,
model_BAS00_003.bin,59824,f1 00 00 00,9,288,,,,,,,,,,
model_BAS00_003.bin,2544,f2 00 00 00,9,288,,,,,,,,,,
model_BAS00_003.bin,64216,f2 00 00 00,9,288,,,,,,,,,,
model_BAS00_003.bin,67216,f2 00 00 00,9,288,,,,,,,,,,
model_BAS00_003.bin,67512,f2 00 00 00,9,288,,,,,,,,,,
model_BAS00_003.bin,67808,f2 00 00 00,9,288,,,,,,,,,,
model_BAS00_003.bin,68104,f2 00 00 00,9,288,,,,,,,,,,
model_BAS00_009.bin,1240,f2 00 00 00,9,288,,,,,,,,,,
model_BAS00_022.bin,3360,f2 00 00 00,9,288,,,,,,,,,,
model_BAS00_022.bin,472,f2 00 00 00,9,320,,,,,,,,,,
model_BAS00_003.bin,20608,f2 00 00 00,10,80,,,,,,,,,,
model_BAS00_003.bin,8816,73 00 00 00,10,104,,,,,,,,,,
model_BAS00_011.bin,21632,f3 00 00 00,10,104,,,,,,,,,,
model_BAS00_003.bin,30360,f2 00 00 00,10,128,,,,,,,,,,
model_BAS00_009.bin,1536,f2 00 00 00,10,128,,,,,,,,,,
model_BAS00_022.bin,3656,f2 00 00 00,10,128,,,,,,,,,,
model_BAS00_003.bin,19056,f3 00 00 00,10,128,,,,,,,,,,
model_BAS00_003.bin,39592,f2 00 00 00,10,152,,,,,,,,,,
model_BAS00_030.bin,1392,f2 00 00 00,10,152,,,,,,,,,,
model_BAS00_019.bin,1416,f3 00 00 00,10,152,,,,,,,,,,
model_BAS00_003.bin,15288,73 00 00 00,10,176,,,,,,,,,,
model_BAS00_003.bin,60496,f1 00 00 00,10,176,,,,,,,,,,
model_BAS00_003.bin,12304,f2 00 00 00,10,176,,,,,,,,,,
model_BAS00_030.bin,5888,f2 00 00 00,10,176,,,,,,,,,,
model_BAS00_030.bin,6072,f2 00 00 00,10,176,,,,,,,,,,
model_BAS00_002.bin,10688,f3 00 00 00,10,176,,,,,,,,,,
model_BAS00_011.bin,5544,f3 00 00 00,10,176,,,,,,,,,,
model_BAS00_024.bin,5312,f3 00 00 00,10,176,,,,,,,,,,
model_BAS00_003.bin,16880,73 00 00 00,10,200,,,,,,,,,,
model_BAS00_003.bin,20936,73 00 00 00,10,200,,,,,,,,,,
model_BAS00_003.bin,60680,f1 00 00 00,10,200,,,,,,,,,,
model_BAS00_002.bin,712,f2 00 00 00,10,200,,,,,,,,,,
model_BAS00_003.bin,30496,f2 00 00 00,10,200,,,,,,,,,,
model_BAS00_028.bin,3144,f2 00 00 00,10,200,,,,,,,,,,
model_BAS00_002.bin,3472,f2 00 00 00,10,224,,,,,,,,,,
model_BAS00_011.bin,19104,f2 00 00 00,10,224,,,,,,,,,,
model_BAS00_011.bin,19336,f2 00 00 00,10,224,,,,,,,,,,
model_BAS00_002.bin,9864,f2 00 00 00,10,272,,,,,,,,,,
model_BAS00_015.bin,336,f2 00 00 00,10,272,,,,,,,,,,
model_BAS00_022.bin,1320,f2 00 00 00,10,272,,,,,,,,,,
model_BAS00_028.bin,336,f2 00 00 00,10,272,,,,,,,,,,
model_BAS00_030.bin,1112,f2 00 00 00,10,272,,,,,,,,,,
model_BAS00_002.bin,10408,f3 00 00 00,10,272,,,,,,,,,,
model_BAS00_002.bin,10872,f3 00 00 00,10,272,,,,,,,,,,
model_BAS00_003.bin,568,f3 00 00 00,10,272,,,,,,,,,,
model_BAS00_003.bin,70880,73 00 00 00,10,296,,,,,,,,,,
model_BAS00_003.bin,30056,f2 00 00 00,10,296,,,,,,,,,,
model_BAS00_003.bin,44488,f2 00 00 00,10,304,,,,,,,,,,
model_BAS00_003.bin,46968,71 00 00 00,10,320,,,,,,,,,,
model_BAS00_003.bin,240,73 00 00 00,10,320,,,,,,,,,,
model_BAS00_003.bin,1512,73 00 00 00,10,320,,,,,,,,,,
model_BAS00_004.bin,1472,73 00 00 00,10,320,,,,,,,,,,
model_BAS00_003.bin,47296,f1 00 00 00,10,320,,,,,,,,,,
model_BAS00_003.bin,47624,f1 00 00 00,10,320,,,,,,,,,,
model_BAS00_003.bin,47952,f1 00 00 00,10,320,,,,,,,,,,
model_BAS00_003.bin,52056,f1 00 00 00,10,320,,,,,,,,,,
model_BAS00_003.bin,52384,f1 00 00 00,10,320,,,,,,,,,,
model_BAS00_003.bin,53488,f1 00 00 00,10,320,,,,,,,,,,
model_BAS00_003.bin,30704,f2 00 00 00,10,320,,,,,,,,,,
model_BAS00_015.bin,616,f2 00 00 00,10,320,,,,,,,,,,
model_BAS00_028.bin,616,f2 00 00 00,10,320,,,,,,,,,,
model_BAS00_011.bin,15832,6a 00 00 00,10,392,,,,,,,,,,
model_BAS00_003.bin,42488,f2 00 00 00,10,448,,,,,,,,,,
model_BAS00_003.bin,53816,f1 00 00 00,11,136,,,,,,,,,,
model_BAS00_003.bin,61248,f1 00 00 00,11,136,,,,,,,,,,
model_BAS00_003.bin,13152,f2 00 00 00,11,160,,,,,,,,,,
model_BAS00_003.bin,11936,f2 00 00 00,11,184,,,,,,,,,,
model_BAS00_003.bin,18544,f2 00 00 00,11,184,,,,,,,,,,
model_BAS00_030.bin,2496,f2 00 00 00,11,184,,,,,,,,,,
model_BAS00_003.bin,52712,f1 00 00 00,11,208,,,,,,,,,,
model_BAS00_003.bin,31032,f2 00 00 00,11,208,,,,,,,,,,
model_BAS00_003.bin,45184,f2 00 00 00,11,208,,,,,,,,,,
model_BAS00_003.bin,45400,f2 00 00 00,11,208,,,,,,,,,,
model_BAS00_011.bin,2800,f2 00 00 00,11,208,,,,,,,,,,
model_BAS00_024.bin,2472,f2 00 00 00,11,208,,,,,,,,,,
model_BAS00_028.bin,3352,f2 00 00 00,11,208,,,,,,,,,,
model_BAS00_004.bin,2720,f2 00 00 00,11,232,,,,,,,,,,
model_BAS00_024.bin,2232,f2 00 00 00,11,232,,,,,,,,,,
model_BAS00_024.bin,12672,f2 00 00 00,11,232,,,,,,,,,,
model_BAS00_011.bin,2536,f2 00 00 00,11,256,,,,,,,,,,
model_BAS00_011.bin,11912,f2 00 00 00,11,256,,,,,,,,,,
model_BAS00_024.bin,12408,f2 00 00 00,11,256,,,,,,,,,,
model_BAS00_024.bin,12912,f2 00 00 00,11,256,,,,,,,,,,
model_BAS00_002.bin,7824,f2 00 00 00,11,280,,,,,,,,,,
model_BAS00_003.bin,52928,f1 00 00 00,11,288,,,,,,,,,,
model_BAS00_003.bin,39752,f2 00 00 00,11,304,,,,,,,,,,
model_BAS00_003.bin,68400,f2 00 00 00,11,304,,,,,,,,,,
model_BAS00_003.bin,68712,f2 00 00 00,11,304,,,,,,,,,,
model_BAS00_003.bin,69024,f2 00 00 00,11,304,,,,,,,,,,
model_BAS00_009.bin,3760,f2 00 00 00,11,304,,,,,,,,,,
model_BAS00_011.bin,11600,f2 00 00 00,11,304,,,,,,,,,,
model_BAS00_003.bin,60888,f1 00 00 00,11,352,,,,,,,,,,
model_BAS00_003.bin,40064,f2 00 00 00,11,352,,,,,,,,,,
model_BAS00_003.bin,64512,f2 00 00 00,11,352,,,,,,,,,,
model_BAS00_003.bin,69336,f2 00 00 00,11,352,,,,,,,,,,
model_BAS00_003.bin,69696,f2 00 00 00,11,352,,,,,,,,,,
model_BAS00_017.bin,1144,f2 00 00 00,11,352,,,,,,,,,,
model_BAS00_011.bin,5728,6a 00 00 00,11,536,,,,,,,,,,
model_BAS00_003.bin,20768,72 00 00 00,12,96,,,,,,,,,,
model_BAS00_012.bin,920,f3 00 00 00,12,96,,,,,,,,,,
model_BAS00_024.bin,22008,f3 00 00 00,12,96,,,,,,,,,,
model_BAS00_025.bin,920,f3 00 00 00,12,96,,,,,,,,,,
model_BAS00_003.bin,43576,f2 00 00 00,12,144,,,,,,,,,,
model_BAS00_010.bin,1488,f2 00 00 00,12,168,,,,,,,,,,
model_BAS00_015.bin,3496,f2 00 00 00,12,168,,,,,,,,,,
model_BAS00_013.bin,808,f3 00 00 00,12,168,,,,,,,,,,
model_BAS00_026.bin,808,f3 00 00 00,12,168,,,,,,,,,,
model_BAS00_009.bin,4072,f2 00 00 00,12,192,,,,,,,,,,
model_BAS00_017.bin,1504,f2 00 00 00,12,216,,,,,,,,,,
model_BAS00_003.bin,21848,73 00 00 00,12,240,,,,,,,,,,
model_BAS00_003.bin,41792,73 00 00 00,12,240,,,,,,,,,,
model_BAS00_004.bin,672,f2 00 00 00,12,240,,,,,,,,,,
model_BAS00_030.bin,3872,f2 00 00 00,12,240,,,,,,,,,,
model_BAS00_004.bin,1800,f3 00 00 00,12,248,,,,,,,,,,
model_BAS00_003.bin,31248,f2 00 00 00,12,264,,,,,,,,,,
model_BAS00_023.bin,824,f2 00 00 00,12,264,,,,,,,,,,
model_BAS00_011.bin,12176,f2 00 00 00,12,288,,,,,,,,,,
model_BAS00_003.bin,42040,f3 00 00 00,12,312,,,,,,,,,,
model_BAS00_003.bin,71184,f3 00 00 00,12,312,,,,,,,,,,
model_BAS00_002.bin,11152,f3 00 00 00,12,320,,,,,,,,,,
model_BAS00_016.bin,336,f2 00 00 00,12,336,,,,,,,,,,
model_BAS00_029.bin,2336,f2 00 00 00,12,336,,,,,,,,,,
model_BAS00_012.bin,2392,52 00 00 00,12,384,,,,,,,,,,
model_BAS00_015.bin,4728,52 00 00 00,12,384,,,,,,,,,,
model_BAS00_028.bin,4728,52 00 00 00,12,384,,,,,,,,,,
model_BAS00_015.bin,5120,d2 00 00 00,12,384,,,,,,,,,,
model_BAS00_028.bin,5120,d2 00 00 00,12,384,,,,,,,,,,
model_BAS00_003.bin,48280,f1 00 00 00,12,384,,,,,,,,,,
model_BAS00_003.bin,49336,f1 00 00 00,12,384,,,,,,,,,,
model_BAS00_003.bin,49728,f1 00 00 00,12,384,,,,,,,,,,
model_BAS00_011.bin,3016,f2 00 00 00,12,384,,,,,,,,,,
model_BAS00_016.bin,680,f2 00 00 00,12,384,,,,,,,,,,
model_BAS00_024.bin,2688,f2 00 00 00,12,384,,,,,,,,,,
model_BAS00_012.bin,2784,d2 00 00 00,12,416,,,,,,,,,,
model_BAS00_003.bin,50784,f1 00 00 00,12,416,,,,,,,,,,
model_BAS00_024.bin,13176,f2 00 00 00,13,104,,,,,,,,,,
model_BAS00_002.bin,6760,f2 00 00 00,13,176,,,,,,,,,,
model_BAS00_003.bin,5864,f2 00 00 00,13,200,,,,,,,,,,
model_BAS00_024.bin,19696,f2 00 00 00,13,200,,,,,,,,,,
model_BAS00_003.bin,19888,72 00 00 00,13,224,,,,,,,,,,
model_BAS00_003.bin,9568,72 00 00 00,13,248,,,,,,,,,,
model_BAS00_003.bin,61392,f1 00 00 00,13,248,,,,,,,,,,
model_BAS00_011.bin,3408,f2 00 00 00,13,248,,,,,,,,,,
model_BAS00_011.bin,3664,f2 00 00 00,13,248,,,,,,,,,,
model_BAS00_024.bin,3080,f2 00 00 00,13,248,,,,,,,,,,
model_BAS00_024.bin,13288,f2 00 00 00,13,248,,,,,,,,,,
model_BAS00_003.bin,40424,f2 00 00 00,13,272,,,,,,,,,,
model_BAS00_022.bin,1600,f2 00 00 00,13,272,,,,,,,,,,
model_BAS00_024.bin,3336,f2 00 00 00,13,272,,,,,,,,,,
model_BAS00_024.bin,19904,f2 00 00 00,13,272,,,,,,,,,,
model_BAS00_003.bin,31520,f2 00 00 00,13,296,,,,,,,,,,
model_BAS00_011.bin,12472,f2 00 00 00,13,296,,,,,,,,,,
model_BAS00_002.bin,8112,f2 00 00 00,13,320,,,,,,,,,,
model_BAS00_003.bin,31824,f2 00 00 00,13,320,,,,,,,,,,
model_BAS00_014.bin,504,f2 00 00 00,13,320,,,,,,,,,,
model_BAS00_003.bin,1840,72 00 00 00,13,368,,,,,,,,,,
model_BAS00_006.bin,600,f2 00 00 00,13,368,,,,,,,,,,
model_BAS00_006.bin,976,f2 00 00 00,13,368,,,,,,,,,,
model_BAS00_027.bin,240,f2 00 00 00,13,368,,,,,,,,,,
model_BAS00_011.bin,21984,6a 00 00 00,13,392,,,,,,,,,,
model_BAS00_007.bin,432,f2 00 00 00,13,416,,,,,,,,,,
model_BAS00_011.bin,3920,f2 00 00 00,13,416,,,,,,,,,,
model_BAS00_020.bin,432,f2 00 00 00,13,416,,,,,,,,,,
model_BAS00_002.bin,12200,f2 00 00 00,14,112,,,,,,,,,,
model_BAS00_002.bin,12992,f2 00 00 00,14,112,,,,,,,,,,
model_BAS00_002.bin,13784,f2 00 00 00,14,112,,,,,,,,,,
model_BAS00_002.bin,14576,f2 00 00 00,14,112,,,,,,,,,,
model_BAS00_002.bin,15368,f2 00 00 00,14,112,,,,,,,,,,
model_BAS00_002.bin,16160,f2 00 00 00,14,112,,,,,,,,,,
model_BAS00_002.bin,16952,f2 00 00 00,14,112,,,,,,,,,,
model_BAS00_002.bin,17744,f2 00 00 00,14,112,,,,,,,,,,
model_BAS00_002.bin,18536,f2 00 00 00,14,112,,,,,,,,,,
model_BAS00_002.bin,19328,f2 00 00 00,14,112,,,,,,,,,,
model_BAS00_002.bin,20120,f2 00 00 00,14,112,,,,,,,,,,
model_BAS00_002.bin,20912,f2 00 00 00,14,112,,,,,,,,,,
model_BAS00_002.bin,21704,f2 00 00 00,14,112,,,,,,,,,,
model_BAS00_002.bin,22496,f2 00 00 00,14,112,,,,,,,,,,
model_BAS00_002.bin,23288,f2 00 00 00,14,112,,,,,,,,,,
model_BAS00_002.bin,24080,f2 00 00 00,14,112,,,,,,,,,,
model_BAS00_002.bin,24872,f2 00 00 00,14,112,,,,,,,,,,
model_BAS00_002.bin,25664,f2 00 00 00,14,112,,,,,,,,,,
model_BAS00_011.bin,4344,f2 00 00 00,14,136,,,,,,,,,,
model_BAS00_003.bin,12488,f2 00 00 00,14,184,,,,,,,,,,
model_BAS00_003.bin,61648,f1 00 00 00,14,208,,,,,,,,,,
model_BAS00_007.bin,856,f2 00 00 00,14,208,,,,,,,,,,
model_BAS00_020.bin,856,f2 00 00 00,14,208,,,,,,,,,,
model_BAS00_002.bin,11936,f2 00 00 00,14,256,,,,,,,,,,
model_BAS00_002.bin,12728,f2 00 00 00,14,256,,,,,,,,,,
model_BAS00_002.bin,13520,f2 00 00 00,14,256,,,,,,,,,,
model_BAS00_002.bin,14312,f2 00 00 00,14,256,,,,,,,,,,
model_BAS00_002.bin,15104,f2 00 00 00,14,256,,,,,,,,,,
model_BAS00_002.bin,15896,f2 00 00 00,14,256,,,,,,,,,,
model_BAS00_002.bin,16688,f2 00 00 00,14,256,,,,,,,,,,
model_BAS00_002.bin,17480,f2 00 00 00,14,256,,,,,,,,,,
model_BAS00_002.bin,18272,f2 00 00 00,14,256,,,,,,,,,,
model_BAS00_002.bin,19064,f2 00 00 00,14,256,,,,,,,,,,
model_BAS00_002.bin,19856,f2 00 00 00,14,256,,,,,,,,,,
model_BAS00_002.bin,20648,f2 00 00 00,14,256,,,,,,,,,,
model_BAS00_002.bin,21440,f2 00 00 00,14,256,,,,,,,,,,
model_BAS00_002.bin,22232,f2 00 00 00,14,256,,,,,,,,,,
model_BAS00_002.bin,23024,f2 00 00 00,14,256,,,,,,,,,,
model_BAS00_002.bin,23816,f2 00 00 00,14,256,,,,,,,,,,
model_BAS00_002.bin,24608,f2 00 00 00,14,256,,,,,,,,,,
model_BAS00_002.bin,25400,f2 00 00 00,14,256,,,,,,,,,,
model_BAS00_011.bin,19568,f2 00 00 00,14,256,,,,,,,,,,
model_BAS00_003.bin,4696,73 00 00 00,14,280,,,,,,,,,,
model_BAS00_015.bin,944,f2 00 00 00,14,280,,,,,,,,,,
model_BAS00_028.bin,944,f2 00 00 00,14,280,,,,,,,,,,
model_BAS00_002.bin,2488,f3 00 00 00,14,288,,,,,,,,,,
model_BAS00_004.bin,920,f2 00 00 00,14,304,,,,,,,,,,
model_BAS00_003.bin,4160,f2 00 00 00,14,352,,,,,,,,,,
model_BAS00_009.bin,4272,f2 00 00 00,14,376,,,,,,,,,,
model_BAS00_022.bin,1880,f2 00 00 00,14,376,,,,,,,,,,
model_BAS00_002.bin,11528,72 00 00 00,14,400,,,,,,,,,,
model_BAS00_002.bin,12320,f2 00 00 00,14,400,,,,,,,,,,
model_BAS00_002.bin,13112,f2 00 00 00,14,400,,,,,,,,,,
model_BAS00_002.bin,13904,f2 00 00 00,14,400,,,,,,,,,,
model_BAS00_002.bin,14696,f2 00 00 00,14,400,,,,,,,,,,
model_BAS00_002.bin,15488,f2 00 00 00,14,400,,,,,,,,,,
model_BAS00_002.bin,16280,f2 00 00 00,14,400,,,,,,,,,,
model_BAS00_002.bin,17072,f2 00 00 00,14,400,,,,,,,,,,
model_BAS00_002.bin,17864,f2 00 00 00,14,400,,,,,,,,,,
model_BAS00_002.bin,18656,f2 00 00 00,14,400,,,,,,,,,,
model_BAS00_002.bin,19448,f2 00 00 00,14,400,,,,,,,,,,
model_BAS00_002.bin,20240,f2 00 00 00,14,400,,,,,,,,,,
model_BAS00_002.bin,21032,f2 00 00 00,14,400,,,,,,,,,,
model_BAS00_002.bin,21824,f2 00 00 00,14,400,,,,,,,,,,
model_BAS00_002.bin,22616,f2 00 00 00,14,400,,,,,,,,,,
model_BAS00_002.bin,23408,f2 00 00 00,14,400,,,,,,,,,,
model_BAS00_002.bin,24200,f2 00 00 00,14,400,,,,,,,,,,
model_BAS00_002.bin,24992,f2 00 00 00,14,400,,,,,,,,,,
model_BAS00_002.bin,25784,f2 00 00 00,14,400,,,,,,,,,,
model_BAS00_003.bin,40704,f2 00 00 00,15,144,,,,,,,,,,
model_BAS00_003.bin,32152,f2 00 00 00,15,192,,,,,,,,,,
model_BAS00_011.bin,20176,f2 00 00 00,15,240,,,,,,,,,,
model_BAS00_003.bin,32352,f2 00 00 00,15,264,,,,,,,,,,
model_BAS00_011.bin,20424,f2 00 00 00,15,288,,,,,,,,,,
model_BAS00_024.bin,3616,f2 00 00 00,15,288,,,,,,,,,,
model_BAS00_024.bin,3912,f2 00 00 00,15,288,,,,,,,,,,
model_BAS00_024.bin,20184,f2 00 00 00,15,288,,,,,,,,,,
model_BAS00_011.bin,12776,f2 00 00 00,15,312,,,,,,,,,,
model_BAS00_011.bin,19832,f2 00 00 00,15,336,,,,,,,,,,
model_BAS00_003.bin,32624,f2 00 00 00,15,360,,,,,,,,,,
model_BAS00_019.bin,576,f2 00 00 00,15,360,,,,,,,,,,
model_BAS00_016.bin,2376,f2 00 00 00,15,384,,,,,,,,,,
model_BAS00_029.bin,400,f2 00 00 00,15,384,,,,,,,,,,
model_BAS00_003.bin,46160,f2 00 00 00,16,208,,,,,,,,,,
model_BAS00_003.bin,32992,f2 00 00 00,16,272,,,,,,,,,,
model_BAS00_023.bin,2016,73 00 00 00,16,280,,,,,,,,,,
model_BAS00_002.bin,38624,f2 00 00 00,16,296,,,,,,,,,,
model_BAS00_002.bin,38928,f2 00 00 00,16,296,,,,,,,,,,
model_BAS00_002.bin,39232,f2 00 00 00,16,296,,,,,,,,,,
model_BAS00_002.bin,39536,f2 00 00 00,16,296,,,,,,,,,,
model_BAS00_002.bin,39840,f2 00 00 00,16,296,,,,,,,,,,
model_BAS00_002.bin,40144,f2 00 00 00,16,296,,,,,,,,,,
model_BAS00_002.bin,40448,f2 00 00 00,16,296,,,,,,,,,,
model_BAS00_002.bin,40752,f2 00 00 00,16,296,,,,,,,,,,
model_BAS00_024.bin,5496,f3 00 00 00,16,344,,,,,,,,,,
model_BAS00_015.bin,1232,f2 00 00 00,16,392,,,,,,,,,,
model_BAS00_003.bin,43728,73 00 00 00,16,400,,,,,,,,,,
model_BAS00_003.bin,61864,f1 00 00 00,16,416,,,,,,,,,,
model_BAS00_010.bin,3232,52 00 00 00,16,512,,,,,,,,,,
model_BAS00_023.bin,3528,52 00 00 00,16,512,,,,,,,,,,
model_BAS00_010.bin,3752,d2 00 00 00,16,512,,,,,,,,,,
model_BAS00_023.bin,4048,d2 00 00 00,16,512,,,,,,,,,,
model_BAS00_006.bin,1352,f2 00 00 00,17,136,,,,,,,,,,
model_BAS00_003.bin,33272,f2 00 00 00,17,232,,,,,,,,,,
model_BAS00_004.bin,2960,f2 00 00 00,17,256,,,,,,,,,,
model_BAS00_019.bin,944,f2 00 00 00,17,280,,,,,,,,,,
model_BAS00_024.bin,4208,f2 00 00 00,17,304,,,,,,,,,,
model_BAS00_003.bin,33512,f2 00 00 00,17,328,,,,,,,,,,
model_BAS00_011.bin,4488,f2 00 00 00,17,328,,,,,,,,,,
model_BAS00_024.bin,4520,f2 00 00 00,17,328,,,,,,,,,,
model_BAS00_003.bin,35456,f3 00 00 00,17,352,,,,,,,,,,
model_BAS00_003.bin,16408,f2 00 00 00,17,376,,,,,,,,,,
model_BAS00_024.bin,4856,f2 00 00 00,17,376,,,,,,,,,,
model_BAS00_003.bin,35816,f3 00 00 00,18,216,,,,,,,,,,
model_BAS00_011.bin,4824,f2 00 00 00,18,288,,,,,,,,,,
model_BAS00_005.bin,904,f2 00 00 00,18,312,,,,,,,,,,
model_BAS00_018.bin,936,f2 00 00 00,18,312,,,,,,,,,,
model_BAS00_003.bin,65456,f2 00 00 00,18,360,,,,,,,,,,
model_BAS00_003.bin,70056,f2 00 00 00,18,360,,,,,,,,,,
model_BAS00_016.bin,2768,f2 00 00 00,18,360,,,,,,,,,,
model_BAS00_029.bin,792,f2 00 00 00,18,360,,,,,,,,,,
model_BAS00_025.bin,1024,f3 00 00 00,18,360,,,,,,,,,,
model_BAS00_023.bin,1128,73 00 00 00,18,368,,,,,,,,,,
model_BAS00_016.bin,3136,f2 00 00 00,18,384,,,,,,,,,,
model_BAS00_012.bin,1024,f3 00 00 00,18,392,,,,,,,,,,
model_BAS00_028.bin,1232,f2 00 00 00,18,432,,,,,,,,,,
model_BAS00_030.bin,6256,f2 00 00 00,18,528,,,,,,,,,,
model_BAS00_000.bin,104,73 00 00 00,18,576,,,,,,,,,,
model_BAS00_001.bin,104,73 00 00 00,18,576,,,,,,,,,,
model_BAS00_003.bin,64872,f2 00 00 00,18,576,,,,,,,,,,
model_BAS00_029.bin,2816,51 00 00 00,18,608,,,,,,,,,,
model_BAS00_003.bin,66384,d2 00 00 00,18,656,,,,,,,,,,
model_BAS00_029.bin,1160,f2 00 00 00,18,888,,,,,,,,,,
model_BAS00_003.bin,33848,f2 00 00 00,19,224,,,,,,,,,,
model_BAS00_003.bin,11656,f2 00 00 00,19,272,,,,,,,,,,
model_BAS00_009.bin,1672,f2 00 00 00,19,320,,,,,,,,,,
model_BAS00_022.bin,3792,f2 00 00 00,19,320,,,,,,,,,,
model_BAS00_011.bin,5120,f2 00 00 00,19,344,,,,,,,,,,
model_BAS00_017.bin,2032,f3 00 00 00,20,208,,,,,,,,,,
model_BAS00_011.bin,21744,f3 00 00 00,20,232,,,,,,,,,,
model_BAS00_024.bin,20480,f2 00 00 00,20,328,,,,,,,,,,
model_BAS00_002.bin,4352,f2 00 00 00,20,400,,,,,,,,,,
model_BAS00_024.bin,13544,f2 00 00 00,20,472,,,,,,,,,,
model_BAS00_002.bin,3704,f2 00 00 00,20,640,,,,,,,,,,
model_BAS00_003.bin,19192,72 00 00 00,21,264,,,,,,,,,,
model_BAS00_003.bin,62288,f1 00 00 00,21,264,,,,,,,,,,
model_BAS00_015.bin,1632,f2 00 00 00,21,264,,,,,,,,,,
model_BAS00_028.bin,1672,f2 00 00 00,21,264,,,,,,,,,,
model_BAS00_011.bin,20720,f2 00 00 00,22,176,,,,,,,,,,
model_BAS00_003.bin,36040,f3 00 00 00,22,224,,,,,,,,,,
model_BAS00_010.bin,1664,f2 00 00 00,22,272,,,,,,,,,,
model_BAS00_003.bin,40856,f2 00 00 00,22,392,,,,,,,,,,
model_BAS00_003.bin,5048,73 00 00 00,22,536,,,,,,,,,,
model_BAS00_003.bin,48672,f1 00 00 00,22,656,,,,,,,,,,
model_BAS00_003.bin,50120,f1 00 00 00,22,656,,,,,,,,,,
model_BAS00_003.bin,10240,6a 00 00 00,22,1320,,,,,,,,,,
model_BAS00_003.bin,20200,f2 00 00 00,23,400,,,,,,,,,,
model_BAS00_011.bin,13648,f2 00 00 00,23,424,,,,,,,,,,
model_BAS00_024.bin,14024,f2 00 00 00,23,424,,,,,,,,,,
model_BAS00_011.bin,13096,f2 00 00 00,23,544,,,,,,,,,,
model_BAS00_002.bin,4760,f2 00 00 00,24,528,,,,,,,,,,
model_BAS00_003.bin,37840,6a 00 00 00,24,656,,,,,,,,,,
model_BAS00_022.bin,2264,f2 00 00 00,25,536,,,,,,,,,,
model_BAS00_009.bin,4656,f2 00 00 00,25,560,,,,,,,,,,
model_BAS00_011.bin,14080,f2 00 00 00,25,608,,,,,,,,,,
model_BAS00_003.bin,62560,f1 00 00 00,26,328,,,,,,,,,,
model_BAS00_002.bin,26192,f2 00 00 00,26,384,,,,,,,,,,
model_BAS00_024.bin,15080,f2 00 00 00,26,520,,,,,,,,,,
model_BAS00_003.bin,3520,73 00 00 00,26,568,,,,,,,,,,
model_BAS00_011.bin,14696,f2 00 00 00,26,616,,,,,,,,,,
model_BAS00_024.bin,14456,f2 00 00 00,26,616,,,,,,,,,,
model_BAS00_012.bin,1472,53 00 00 00,26,864,,,,,,,,,,
model_BAS00_015.bin,3808,53 00 00 00,26,864,,,,,,,,,,
model_BAS00_028.bin,3808,53 00 00 00,26,864,,,,,,,,,,
model_BAS00_024.bin,20816,f2 00 00 00,27,288,,,,,,,,,,
model_BAS00_003.bin,36272,f3 00 00 00,28,296,,,,,,,,,,
model_BAS00_003.bin,62896,f1 00 00 00,28,344,,,,,,,,,,
model_BAS00_003.bin,13552,f2 00 00 00,29,640,,,,,,,,,,
model_BAS00_003.bin,15472,72 00 00 00,29,712,,,,,,,,,,
model_BAS00_003.bin,34080,f2 00 00 00,33,528,,,,,,,,,,
model_BAS00_000.bin,688,72 00 00 00,34,416,,,,,,,,,,
model_BAS00_001.bin,688,72 00 00 00,34,416,,,,,,,,,,
model_BAS00_028.bin,1944,f2 00 00 00,34,640,,,,,,,,,,
model_BAS00_008.bin,752,f2 00 00 00,34,656,,,,,,,,,,
model_BAS00_008.bin,1416,f2 00 00 00,34,656,,,,,,,,,,
model_BAS00_008.bin,2080,f2 00 00 00,34,656,,,,,,,,,,
model_BAS00_008.bin,2744,f2 00 00 00,34,656,,,,,,,,,,
model_BAS00_008.bin,3408,f2 00 00 00,34,656,,,,,,,,,,
model_BAS00_021.bin,752,f2 00 00 00,34,656,,,,,,,,,,
model_BAS00_021.bin,1416,f2 00 00 00,34,656,,,,,,,,,,
model_BAS00_021.bin,2080,f2 00 00 00,34,656,,,,,,,,,,
model_BAS00_021.bin,2744,f2 00 00 00,34,656,,,,,,,,,,
model_BAS00_021.bin,3408,f2 00 00 00,34,656,,,,,,,,,,
model_BAS00_010.bin,2056,53 00 00 00,34,1120,,,,,,,,,,
model_BAS00_023.bin,2352,53 00 00 00,34,1120,,,,,,,,,,
model_BAS00_015.bin,1904,f2 00 00 00,36,680,,,,,,,,,,
model_BAS00_003.bin,36576,f3 00 00 00,37,464,,,,,,,,,,
model_BAS00_003.bin,63248,f1 00 00 00,38,328,,,,,,,,,,
model_BAS00_009.bin,2000,f2 00 00 00,38,952,,,,,,,,,,
model_BAS00_022.bin,4120,f2 00 00 00,38,1000,,,,,,,,,,
model_BAS00_003.bin,41256,f2 00 00 00,39,528,,,,,,,,,,
model_BAS00_003.bin,8928,72 00 00 00,40,440,,,,,,,,,,
model_BAS00_003.bin,14384,f2 00 00 00,46,800,,,,,,,,,,
model_BAS00_011.bin,20904,f2 00 00 00,47,592,,,,,,,,,,
model_BAS00_024.bin,21112,f2 00 00 00,49,584,,,,,,,,,,
model_BAS00_003.bin,17312,f2 00 00 00,57,1008,,,,,,,,,,
model_BAS00_003.bin,34616,f2 00 00 00,70,656,,,,,,,,,,
model_BAS00_003.bin,37048,f3 00 00 00,77,784,,,,,,,,,,
model_BAS00_003.bin,6168,f2 00 00 00,87,2232,,,,,,,,,,
model_BAS00_002.bin,26632,4a 00 00 00,112,10784,,,,,,,,,,
